order_date,Accessories,Appliances,Art,Binders,Bookcases,Chairs,Copiers,Envelopes,Fasteners,Furnishings,Labels,Machines,Paper,Phones,Storage,Supplies,Tables
2015-01-03,,,,,,,,,,,,,16.448,,,,
2015-01-04,,,,3.54,,,,,,,11.784,,,,272.736,,
2015-01-05,,,19.536,,,,,,,,,,,,,,
2015-01-06,,,18.259999999999998,609.98,,2573.82,,,31.12,,,,25.98,1147.94,,,
2015-01-07,,,,10.43,,,,,,76.728,,,,,,,
2015-01-09,31.2,,9.344,,,,,,,,,,,,,,
2015-01-10,,,,,,,,,,51.94,2.89,,,,,,
2015-01-11,,,,,,,,,,9.94,,,,,,,
2015-01-13,646.74,,19.9,9.078,333.999,545.94,,62.3,,,,,37.408,,1898.4299999999998,,
2015-01-14,,,,,61.96,,,,,,,,,,,,
2015-01-15,149.95,,,,,,,,,,,,,,,,
2015-01-16,,,,18.588,,,,,,127.104,30.072,,,124.2,,,
2015-01-18,,64.864,,,,,,,,,,,,,,,
2015-01-19,,,,32.34,181.47,,,108.72,,,,,56.064,,,,
2015-01-20,,247.716,73.51,115.944,,1067.94,,23.34,,345.57,,,19.36,699.93,80.56,,
2015-01-23,,,,,,,,,,,,,40.08,,,,
2015-01-26,,,,10.68,141.96,,,,,75.24,,,36.120000000000005,343.33,489.92,,
2015-01-27,,,36.44,,,,,,,,,,,,57.23,,333.0
2015-01-28,,,,3.928,,,,,,,,,,,,,
2015-01-30,,,,,,,,,,,,,10.56,,229.94,,
2015-01-31,,,,,290.666,,,,,,,,,,,,
2015-02-01,468.9,,,,,,,,,,,,,,,,
2015-02-02,,,,18.336,,,,,12.35,,,,,180.96,,,
2015-02-03,,,,97.11200000000001,,,,,,,,,,,,,
2015-02-04,,,,100.144,,,,,,,,,34.24,,,,
2015-02-06,,,,8.952,,,,,,,15.0,,,306.56,,,
2015-02-07,115.36,,,,,,,,,,,,,,64.96,,
2015-02-08,,,,,,,,,,14.56,,,,,,,
2015-02-11,234.45,,,79.0,,60.89,,,,332.94,14.94,,,,64.96,,1256.22
2015-02-12,,,,,,129.568,,,,,,,,,,,
2015-02-14,239.97,81.96,,,,,,,,,,,16.176,,,238.62,
2015-02-15,,,,21.36,,,,,,,,,,,,,
2015-02-16,,7.96,,1.08,,,,,,,,,,,,,
2015-02-17,,,54.208,,,,,,,,,,,,,,
2015-02-18,,,,,,,,,,25.16,,,,,12.624,,
2015-02-20,62.31,,,,,,,,,20.32,,,12.96,,,,
2015-02-21,,,,8.85,,,,,,,,,,,,,
2015-02-22,,,,,,,,,,,,,19.44,,,,
2015-02-23,,,,4.428,,,,,,,6.936,,,,,,
2015-02-24,,,,,,,,,,,,,55.672,,,,
2015-02-27,,,19.456,,,,,,,,,,,,,,
2015-03-01,,,,,,1453.934,,,18.84,63.552,,,17.472,5.94,266.904,,376.509
2015-03-02,,,,,,,,11.36,,,,,36.4,,,,
2015-03-03,,176.772,19.456,151.08,302.45,,,,,,15.12,,,9.99,44.672,,626.352
2015-03-04,,,15.552,,,,,,,,,,,,354.9,,
2015-03-05,479.97,,59.52,49.632,,,,,,,,,97.82,,,18.62,
2015-03-07,,,38.59,107.648,,966.9839999999999,,,,,,,,,447.84000000000003,,
2015-03-10,,,83.168,,,,,,,,,,22.38,,636.408,,
2015-03-11,32.96,146.76,7.98,,,,,,10.464,8.32,,,123.86,587.97,,,
2015-03-14,82.8,,3.38,95.136,,1139.92,,,,,,574.91,110.064,,102.34,,
2015-03-15,,,,50.406000000000006,,,,,,45.696,,,131.904,,142.776,,
2015-03-16,,,,,,,,,,,,,,471.92,,,
2015-03-17,,126.45,24.128,131.15,,,,,,,,,413.4,,,,3265.23
2015-03-18,,,8.016,,1198.33,,,,18.936,264.12,,24739.748,21.376,,1856.19,,
2015-03-19,170.24,,,33.57,,,,,,25.008,11.808,,,323.976,26.16,,
2015-03-21,,,22.776,122.94,,218.376,,,,32.952,73.60000000000001,,122.97,3499.93,16.272,,
2015-03-22,,,16.28,59.109,,314.352,,,,,,,74.352,,,,
2015-03-23,,,,,,,,,,,9.912,,,604.752,330.4,,
2015-03-24,,,,,,,,,,40.48,,,24.9,,,,
2015-03-25,45.48,,46.879999999999995,,,366.786,,,,,,,,,,,
2015-03-26,66.3,,3.36,27.936,,,,,,,18.75,,,28.784,,,
2015-03-28,,,,,,,,6.12,,,,,,302.376,,,1184.72
2015-03-29,,,,,,,,,,,,,,,,,890.841
2015-03-30,,,60.15,,205.666,127.302,,335.72,,,44.4,,,251.944,145.14000000000001,,
2015-03-31,79.984,52.98,4.032,697.068,,1125.488,,,,,,,,,,,
2015-04-01,,,,23.328000000000003,,,,,,,29.6,,,,66.96,,
2015-04-02,,154.9,,,,,,,,177.68,,,76.048,1049.93,,,
2015-04-04,99.98,,79.36,7.184,,,,,,5.47,18.9,,32.400000000000006,,232.55,,
2015-04-05,,,86.51,40.2,,,,,,,,,68.44,28.99,791.548,4164.05,
2015-04-06,450.654,,70.95,110.478,,,,,,125.07,,,74.92,,,10.304,808.314
2015-04-07,,,,,,,,,,8.96,,,181.29,830.9200000000001,,,
2015-04-08,399.96,,,,,,,,52.160000000000004,,,,19.008,,,,1487.622
2015-04-11,937.36,,,9.584,,,,,6.912,,,,10.368,863.9359999999999,87.08,,
2015-04-12,,,,18.088,308.499,,,,,,,,32.4,1513.456,,,
2015-04-13,,,17.856,509.97,,,,,30.992,,7.83,,,71.928,,,
2015-04-15,,106.96,,,,,,,,187.76,,,,,,,
2015-04-16,,,39.072,,,,,,,,,,,,,,
2015-04-18,227.976,,26.558,,,317.058,,149.352,11.62,,,287.968,,,,,
2015-04-19,,,,58.05,,,,,,76.14,,,71.28,,,,
2015-04-20,,,,,,,,,,59.92,,,,,44.84,,1145.69
2015-04-21,,,,16.52,,,,,,,,,,,828.84,,
2015-04-22,,,,9.912,,,,247.84,,,,,,,,,
2015-04-23,,,,9.99,,562.744,,,,22.336,,,48.91,,,,
2015-04-25,,270.72,6.24,,,1487.04,,,,303.25,,,10.368,302.376,,,
2015-04-26,,,21.4,18.288,,230.28,,,,,12.6,,,,,,
2015-04-28,159.98,,5.34,20.86,,,,,,,10.062,,,1679.96,702.274,,
2015-04-29,,,,17.94,,613.544,,,,17.46,,,,19.98,99.92,,
2015-04-30,47.79,,174.95,,,,,,,,,,,,826.0,,
2015-05-02,,26.136,,,,,479.984,,,,,,,,,,
2015-05-03,,,,51.072,,,,,,,21.56,,,,,,
2015-05-04,,57.68,37.84,46.8,,,,,5.472,39.64,,,,,,,
2015-05-05,,,6.56,11.88,,127.869,,,,,,,69.41999999999999,,45.248,,
2015-05-06,,,107.94,140.736,,,,,,,5.78,,,,,,
2015-05-07,,,8.64,16.14,,872.32,,,,,,,,,,,194.25
2015-05-08,,,,,,,1799.97,,,,,,,,,,
2015-05-09,235.76999999999998,,,,,,,,,,30.099999999999998,,45.36,,83.25,,
2015-05-10,,,22.32,,349.965,256.784,,158.13,,,,,39.96,1475.6,,41.04,
2015-05-11,104.976,35.91,,104.58,,1212.96,,,,66.112,,,17.472,100.792,,,
2015-05-12,,,,,,,,,,34.79,,,,,,,700.056
2015-05-13,149.97,,,398.352,,279.456,,,7.104,,,,8.0,,55.5,,
2015-05-14,,,,,,,,,,310.88,,,,,,,
2015-05-16,56.4,,,,,232.88,,,,,,,,,,,
2015-05-17,,,,91.68,,,,,,,,,,,,,
2015-05-18,,,,,,,,,,149.232,,,15.936,779.796,,,
2015-05-19,,,,57.42,,,,,,,,,,,,34.2,
2015-05-20,20.784,33.28,38.52,,,,,,,150.192,,,10.368,,66.96,,
2015-05-21,,245.88,31.84,3182.0299999999997,,107.772,,56.064,,,,,22.772000000000002,617.97,,,
2015-05-22,,,,,,,,,,,,,,180.93,,,
2015-05-23,,208.16,21.168,21.242,,,,,,,,,12.96,55.188,,5.04,
2015-05-24,,,,,,,,,,,,,116.28,,,,
2015-05-25,,75.6,,,,,,,,29.32,,,14.62,,,,
2015-05-26,,,13.392,,290.666,585.068,,,,,,,48.4,285.568,102.624,,
2015-05-27,99.99,,,17.46,,,,,,,,,,1113.504,359.32,,567.12
2015-05-28,27.6,,,136.96,,,,,,,,,,57.408,,,
2015-05-30,,235.95,,95.952,,,719.976,,,,,,53.58,464.0,,,355.455
2015-05-31,,,,,,,,,,,,,,773.7,,,
2015-06-01,,1568.77,289.2,184.04,,2001.86,,,,22.2,,,73.80000000000001,881.93,166.72,,
2015-06-02,,,8.56,59.808,,,,,,73.32,,,,239.97,356.94,,
2015-06-03,,,,,,,,15.28,,,,,,,,,515.88
2015-06-04,,15.56,,,353.568,,,,,70.92,,,16.224,,,,
2015-06-06,,,13.36,175.497,,,,13.984,,,100.24,,62.016,,,17.14,991.764
2015-06-07,,,,12.462,,,,,,,,,,,,,268.935
2015-06-08,,,,68.48,,755.904,,,,,,,,,1676.88,,
2015-06-09,63.984,114.9,118.80799999999999,18.504,,,,,,86.25999999999999,,,79.14,1826.568,,7.36,3147.484
2015-06-10,,,,,,,,,,,491.55,,,,,,
2015-06-13,,,14.52,,,,,,,,,,,,,,
2015-06-14,,,,,212.94,,,,,,,,,,,,
2015-06-15,,,,8.568,,797.944,,,,,,,36.544,,,,99.918
2015-06-16,,,35.0,39.552,,647.84,,41.4,,,,,,,,,
2015-06-17,,,,3266.376,,,,,17.9,6.24,,65.97,,,,,
2015-06-18,,,,,,,,,,,,,,139.8,,,
2015-06-20,,471.9,3.52,3.392,193.0656,,,,,,,418.8,27.2,201.584,509.488,,
2015-06-21,95.968,104.116,25.159999999999997,45.258,,,,24.896,,107.994,,206.991,19.65,3440.5699999999997,36.84,,
2015-06-22,196.752,,,8.226,,1023.9879999999999,,,,,,,,82.782,663.75,,
2015-06-23,86.376,,20.016,,,,,,,,,,,,,3.104,
2015-06-24,,,,,,,,,,4.272,,,,,,,
2015-06-25,,,80.96000000000001,,,,,,,,,,,263.96,,,447.84
2015-06-27,223.96,,,,,,,,,,,,,,306.2,,85.98
2015-06-28,,,,34.254,,1228.465,,,6.08,,,,376.99199999999996,,,,
2015-06-29,,,32.76,13.92,,,,,,,,,,,,,
2015-06-30,,,44.248,337.45599999999996,,,,,21.312,,,,336.608,,,,
2015-07-01,,,,25.104000000000003,,,,,,,,,,575.92,,,
2015-07-02,,,5.58,,,,,,,,,,,73.98,,,
2015-07-04,,32.432,,15.6,,,,,,,,,199.376,,,,
2015-07-05,479.97,,4.368,190.77,,,,,,232.73600000000002,14.62,,19.44,,502.2,,
2015-07-06,,,,,,478.48,559.992,,,,,,,,,,
2015-07-07,,,,,,172.186,,,,69.008,,,,,,,
2015-07-08,,,,196.704,,63.882,,,,,,,,,,,502.488
2015-07-09,,,5.56,56.208000000000006,119.833,,,,,,2.88,,57.12,,23.92,,
2015-07-11,,,,18.28,,854.94,,,,124.11,14.4,,236.688,773.938,,,
2015-07-12,23.84,,22.288,18.976,,635.4939999999999,,,3.488,,,,51.888000000000005,255.936,249.75,,698.352
2015-07-13,,,,,,,,,,,,,,,,,351.216
2015-07-14,,39.48,59.524,29.932,,,,,,31.984,,,,75.75399999999999,55.92,,
2015-07-15,2.97,,,,,,,,6.54,,,,,,,,
2015-07-18,,,,13.904,,259.136,,,,,,,,,,,
2015-07-19,,,,30.786,,,,,,,,,,359.98,,,70.56
2015-07-20,41.94,,13.12,125.77600000000001,,981.372,,,,59.760000000000005,,,159.56,,904.2579999999999,,
2015-07-21,,4.992,99.2,1.044,,1459.498,,87.92,,,,,,35.98,,,272.848
2015-07-22,159.98,,37.16,,,717.72,,,,,,,,,263.132,,170.352
2015-07-23,1647.9560000000001,,9.24,8.16,,,,,,,,,,907.1279999999999,,40.7,
2015-07-25,,,,,,,,,,77.92,,,6.48,,53.72,8203.17,
2015-07-26,714.0360000000001,4.836,,2203.248,,742.232,,,,177.21599999999998,162.89,,,911.984,123.552,,
2015-07-27,238.0,,,,,,,,,,,,65.78,,276.28,,
2015-07-28,,,,,,,,48.944,14.32,129.888,,,,,,,
2015-07-30,,,,,1367.84,,,,,,,,,,,,
2015-08-01,,62.92,,19.752,,,,,5.68,44.128,17.544,,78.304,,,,
2015-08-02,21.2,,,26.7,,,,,,,,,,,838.38,,
2015-08-03,,2.6,,,,,,,,,,,132.984,,21.36,102.3,218.75
2015-08-04,255.42,1191.71,16.4,13.184,,,,,,,,,707.5799999999999,399.96,158.9,,
2015-08-05,16.36,79.47,66.5,,,1473.494,,,,,,,131.9,135.99,15.78,,489.23
2015-08-06,262.89,,,,,,,,,,,,,,,,
2015-08-08,95.976,243.655,,,155.456,,1749.9660000000001,38.34,,503.016,,,,745.94,423.28,,
2015-08-09,,,,2070.089,,,,,4.464,,20.88,,21.532,1488.7199999999998,,,
2015-08-11,,,40.97,,,,,,22.96,12.35,,,,,375.34,,
2015-08-12,158.928,211.248,47.96,196.21,,,,,,85.44,2.952,,31.104,806.336,,5.552,
2015-08-15,,152.24,,93.9,,,,,,,,,91.36,,,,
2015-08-16,,,,,,,,,,,,,,,,,853.092
2015-08-17,339.96,,,17.96,,,,,12.67,,,,129.752,,,,
2015-08-19,,,10.72,146.232,638.82,,,,,289.24,,,,,344.91,9.184,
2015-08-20,,,,896.99,,921.6120000000001,,,,,,,20.12,,,,
2015-08-22,,,3.912,,,,,,,,,,11.56,,,7.632,
2015-08-23,,,,49.568,,,,,,4.224,,,360.992,143.64,,6.8,
2015-08-24,,,,20.96,,,,,,13.28,,,,,,25.5,
2015-08-25,95.1,,,68.31,,,,135.184,40.096,6.28,,,49.896,1007.944,48.84,,
2015-08-26,326.77,,8.64,,,,,,,10.68,,,20.72,,,,
2015-08-27,,,8.56,22.72,,,,,,29.12,,,13.36,793.4300000000001,,,1202.94
2015-08-29,,,,505.176,,,,29.808,,,,,123.28,,,,174.0585
2015-08-30,,,,25.3,,,,,,,,,,,95.94,,
2015-08-31,92.52,,,,,,,,,,,,,,,,
2015-09-01,357.0,,53.94,27.392,,,,,,,,,31.104,,,,
2015-09-02,715.9200000000001,19.9,78.99,1793.98,,,,,,70.71,,559.71,14.94,,,,
2015-09-03,,,,7.68,,,,,,,14.4,,,,,,
2015-09-05,,,,,,,,,,31.984,,,,,264.32,,
2015-09-06,,,,,,,,,,41.88,58.48,,,,,,
2015-09-07,46.688,,21.864,470.528,,161.96,,,13.16,921.938,,399.54,33.519999999999996,711.9780000000001,84.644,27.36,630.6949999999999
2015-09-08,166.82999999999998,251.41,355.23999999999995,59.792,,3855.444,,,49.019999999999996,,,8369.922,200.016,143.976,776.778,,
2015-09-09,64.704,,30.816,,,785.88,,,,78.144,103.6,1299.99,219.088,135.516,1325.85,,
2015-09-10,,81.92,,9.64,,1487.04,,21.728,,254.9,,,,,,,
2015-09-11,,,,,,,,,,127.95,,,,,,,
2015-09-12,72.616,166.84,,401.06399999999996,,3785.292,,,,40.56,,69.99,10.368,,,357.93,
2015-09-13,714.94,22.66,5.46,21.15,,340.116,,,5.7,14.19,,,64.49199999999999,,79.4,7.3,
2015-09-14,,666.7479999999999,,15.712,,,,79.53,6.048,165.488,20.16,2799.96,51.668,304.96000000000004,449.15,,464.292
2015-09-15,,,,,,,,,,118.49600000000001,,,14.94,,,,
2015-09-16,,,,33.552,,,,,,,,,,,,,
2015-09-17,103.904,,43.504,143.132,,,,182.94,,35.34,,29.925,193.568,,88.21000000000001,,
2015-09-19,,,,,,887.103,,,12.83,,,8204.925,,,159.86399999999998,,73.915
2015-09-20,59.98,74.9,2.816,20.232,1657.938,631.782,,,,164.22,85.14000000000001,,30.28,1990.98,,,617.7
2015-09-21,,62.230000000000004,125.55000000000001,6.57,,,1799.97,93.91,,8.544,20.808,,75.70200000000001,486.368,,,
2015-09-22,,,13.04,3.984,,579.528,,,,97.44,4.608,,,,541.6659999999999,,
2015-09-23,,,9.84,9666.414,435.999,,,,,,,,61.2,83.984,404.9,,
2015-09-24,,,,,,,,,,,,,,,211.96,,
2015-09-25,,,14.576,2.724,300.5328,,,3.264,,,,,33.792,,,,
2015-09-26,3.152,202.03199999999998,,6.846,,731.12,,,,21.184,,,52.336,,310.12,,
2015-09-27,,,,,,603.92,,,,87.54,,,81.98,,,,
2015-09-28,,,,,,,,,,337.088,,,106.944,,46.26,,
2015-09-29,,,4.224,10.048,,,,,8.72,328.12,74.34,686.32,104.928,,4067.102,,2825.268
2015-09-30,,864.624,,43.176,,,,,,15.24,,,64.49199999999999,,,,
2015-10-01,,,,,,,,,4.71,,,,,,,,
2015-10-02,7.16,,,,,,,12.768,4.672,,,,9.408,548.776,,15.36,
2015-10-03,142.488,,62.176,1.788,,380.631,,14.48,19.416,31.776,4.928,,,,61.568,,143.432
2015-10-04,,,,95.648,,589.41,,,,,43.69,,,,,,
2015-10-05,99.98,91.92,,,,,,,,,,,,,,,
2015-10-06,9.09,,,15.36,,,,,,,,,,,470.26,,
2015-10-07,,,,,,,,,,129.92,,,,,107.44,,
2015-10-08,23.472,,,,,,,,,,,,123.92,,,,
2015-10-09,,,144.6,,,,,,,,,,88.768,15.992,,,
2015-10-10,,,255.85,31.142,,122.352,,15.28,,46.872,,101.994,,1475.896,,,
2015-10-11,345.0,,,,,433.568,,209.07199999999997,,72.39,7.31,,,,313.824,,
2015-10-12,,,14.9,,,,,,,,,,,,21.39,22.24,
2015-10-13,48.74,213.92,11.52,41.872,,245.98,,36.4,,,,,,,315.2,,1298.55
2015-10-14,177.0,3.16,,25.866000000000003,,1628.82,1999.96,,,,,,341.32800000000003,,349.34999999999997,,
2015-10-15,,,,,,183.372,,,,15.384,,,7.968,,,,
2015-10-16,179.97,,,14.352,,,,,,,,,,,,,
2015-10-17,119.976,,,10.78,,,,,,5.312,,,,,,,
2015-10-18,,,,1.344,,1151.22,,52.512,,,,,72.008,1394.95,462.88200000000006,,
2015-10-19,,,,23.056,,,,,,,18.75,,160.17,439.12800000000004,,,
2015-10-20,319.968,,,8.682,,,,,,,24.424,,3.808,,815.6320000000001,,328.59
2015-10-21,,121.792,2.84,36.36,,,,,,,,,,,194.7,,1000.9100000000001
2015-10-22,,,,,,,,,,223.808,,,,,,,
2015-10-24,,,,34.272,,,,,11.85,,,,10.368,,,,
2015-10-25,40.776,,,63.106,,,,,,,,,,,,,
2015-10-26,,,,,,,,,,63.92,,,,383.96,,,
2015-10-27,,,,,,,,,,,,,22.32,,,,
2015-10-28,,,,7.184,616.998,,,,,,,,,257.98,141.4,487.02,
2015-10-29,1.98,,,,,,,,,,,,75.88,2735.952,,,
2015-10-31,251.91,,61.64,69.344,,1751.2520000000002,,,11.34,32.43,,,74.89999999999999,815.9200000000001,485.94,,1807.35
2015-11-01,,610.0600000000001,59.088,,,,,,7.52,31.68,92.208,,205.036,3118.784,513.44,,
2015-11-02,841.8599999999999,,,19.242,,,,,,89.34,34.86,,,778.148,362.92,,
2015-11-03,89.97,,6.72,76.813,,,,,,410.352,,,147.344,783.96,25.984,297.984,945.036
2015-11-04,360.0,58.24,2.94,74.0,,135.882,,,8.376,35.34,,4439.948,19.44,942.2840000000001,43.57,,573.728
2015-11-05,157.766,,,13.194,,149.9,,,,293.608,,,,,1080.096,,
2015-11-07,,245.88,,163.05599999999998,,683.144,,74.352,5.92,,,,30.18,,59.21,40.712,
2015-11-08,,,,,,,,,,,,,,333.576,,,
2015-11-09,,,,,222.666,,,,,56.52,,,157.5,703.968,433.44,,
2015-11-10,10.99,,3.9,,,563.94,,,,93.08000000000001,39.84,,90.92,601.536,598.3499999999999,,
2015-11-11,102.13,30.76,101.432,2931.808,521.96,1514.512,,,,34.952,,,407.97600000000006,1525.568,665.88,,
2015-11-12,79.512,,10.544,,67.9932,,,,,,,,48.248,,49.632,16.656,629.064
2015-11-14,,,,68.03999999999999,,69.264,,,,,,,64.496,832.93,,,
2015-11-15,772.47,333.056,4.224,,,,,604.656,,10.11,,,24.896,,,31.41,
2015-11-16,,,,29.12,305.9745,37.296,,78.35,,,5.22,,31.68,353.928,514.36,,
2015-11-17,99.98,241.44,57.75,2152.776,4007.84,1137.83,,7.08,,124.41,,,780.8380000000001,,2934.33,,
2015-11-18,,,,82.121,424.116,392.94,,,,206.396,,,57.788,549.552,525.662,,1168.2800000000002
2015-11-19,76.49600000000001,,,213.08,1025.88,,,,,,32.46,,172.32,5484.6900000000005,221.16,,
2015-11-20,,,,12.96,,,,34.74,,,,,25.92,833.94,,,
2015-11-21,94.99,,5.46,,,,,1.632,,,,,648.64,304.95,193.95,,
2015-11-22,,675.12,,336.808,,,,27.59,,,,,63.78,,,,
2015-11-23,35.534,34.176,,14.67,,1140.732,,108.12,,6.368,23.68,,,,,,
2015-11-24,111.79,,154.54399999999998,12.096,,731.77,,,,298.038,196.62,,186.00000000000003,2552.346,1329.66,,
2015-11-25,24.672,320.88,58.455999999999996,,275.952,725.344,,,,82.936,8.424,,42.456,539.92,1117.92,,1218.735
2015-11-26,,40.54,,41.632,,,,,,19.3,104.67,,112.472,718.296,669.08,,
2015-11-27,,,,,,,,,3.76,199.9,,,,,,,
2015-11-28,139.93,43.68,27.79,62.908,411.332,,,64.02,,397.6,41.4,998.85,85.96,,,7.36,
2015-11-29,,,,,,,,,43.024,,30.099999999999998,,,575.92,,,
2015-11-30,102.24,,,6.642,,,,62.28,,,,,,,,47.992,
2015-12-01,,,46.64,,,4391.618,659.988,,,121.988,,,36.288,367.868,,,
2015-12-02,245.70999999999998,2.394,16.464,46.72,883.92,239.84,,,,159.04,15.66,,162.06,,,,
2015-12-03,,,,,,,,,,,,,25.92,479.96,,,
2015-12-04,,,,,,,,,,,,,,129.98,,,
2015-12-05,408.744,250.26,1139.484,29.94,,,,348.488,15.0,,,,164.96800000000002,384.64599999999996,222.112,,
2015-12-06,,14.016,,4.6,,,,,,34.751999999999995,,,42.208,35.04,1349.922,,490.44
2015-12-07,,,8.64,,,,,,,,,,270.4,,269.36,,
2015-12-08,103.92,,,6.456,,603.92,,,,119.32,39.408,,56.048,52.68,99.488,13.88,
2015-12-09,,20.388,,,,,1079.976,30.672,,,,,53.816,,337.8,,
2015-12-10,,,,106.344,,338.352,,,,,,,128.64,,,,
2015-12-12,,,,210.392,254.9745,,,23.472,,65.09,,,,,8.94,,4375.536
2015-12-13,,,,17.604,,,,,,182.38799999999998,,,90.24,,,2.92,
2015-12-14,298.976,,2.624,14.367999999999999,,186.304,,,2.896,,,6999.96,,,,,136.53
2015-12-15,,,,,,1209.0819999999999,,,,14.704,,,,40.68,,,
2015-12-16,494.98,,,1.167,,2659.32,,,1.984,130.488,,,150.488,627.168,,,
2015-12-17,,,40.05,5.484,,,,,,,,,,,,,
2015-12-19,247.8,,,157.572,,1819.86,,,22.55,,14.62,,15.552,1118.944,32.592,7.27,
2015-12-20,585.36,62.944,51.43,1809.384,,1097.4180000000001,,,,242.81600000000003,34.74,,256.288,,122.48,,2699.58
2015-12-21,,,,18.24,,1897.92,,,,,17.28,,,,,,
2015-12-22,,,11.76,314.616,,,,,,,,,124.032,,348.56,,
2015-12-23,,263.76,1.344,,,64.784,,,,,,,50.711999999999996,,508.192,,53.316
2015-12-24,62.85,375.93,,,,292.272,,,,54.349999999999994,,,9.568,992.0319999999999,163.20000000000002,,
2015-12-26,,116.208,8.016,87.28999999999999,,830.91,,,27.552,522.248,,,18.264,,419.01599999999996,11.91,
2015-12-27,498.0,10.98,,988.804,,997.494,,,7.86,215.304,11.56,,36.760000000000005,,199.626,,
2015-12-28,,1737.18,99.136,,,,,,,,,,141.76,,704.25,,
2015-12-29,119.8,48.36,,14.352,,,,,,143.172,363.57,767.952,21.12,535.9200000000001,57.849999999999994,,
2015-12-30,75.952,122.94,9.84,589.7189999999999,,,,12.984,,,,,,798.3240000000001,39.128,,523.764
2015-12-31,1884.07,,29.68,,1915.448,605.88,,49.568,,63.2,18.9,,210.57999999999998,475.944,,,
2016-01-02,89.584,,9.84,,452.45,,,,,,23.68,1188.0,20.04,62.982,85.52,,
2016-01-03,398.4,,7.056,,1352.3976,,,,,,,,10.368,,,,
2016-01-04,,,,32.34,,,,,,192.22,,,39.9,,,,
2016-01-05,,87.36,59.52,69.328,,61.584,,17.48,,,,,,,,,
2016-01-06,,,,1.938,,,,,,,,,29.6,,,,
2016-01-09,,163.44,42.76,,,,,,,,,,157.87,,,,
2016-01-10,,,,,,,,,,,,,,,,,1018.104
2016-01-12,10.384,,10.368,,,,,,,,,,,261.56399999999996,465.18,,
2016-01-13,,,,70.008,,,,,,542.45,9.82,,,,,,
2016-01-17,,,6.68,,,,,,,254.744,,,,,,88.96,
2016-01-19,,,,,,199.304,,,,,,,,,,,102.438
2016-01-23,,,,,,,,,,,14.62,,29.04,,,,
2016-01-24,,,13.12,,,,,,,,,,,,,,
2016-01-26,,,,,,,,,,,,,182.72,,,,
2016-01-27,,,,,,2985.906,,,,,,,,587.346,,,
2016-01-28,,,,,,,,,,,,,,,,,4297.644
2016-01-30,,,,,,,,,,227.36,,1919.976,14.304,,,,
2016-01-31,,,,32.96,,,,,,53.34,,,12.96,,,,
2016-02-03,149.97,,,12.144,,90.882,,74.52,,165.32,,,,,,,
2016-02-06,18.528,,10.96,2.934,283.92,1268.82,,,,,,,29.9,,817.482,,
2016-02-07,,,,,,,,311.15,,,,,12.96,,,,
2016-02-08,,,5.76,,,,,,5.81,,,,9.54,107.982,,,
2016-02-09,500.752,,,,,203.92,,,,40.784,40.096,,,,,,
2016-02-10,,,,,,,,,,,,,,,77.24,,
2016-02-14,71.976,,14.352,43.662,,,,,,,,,,949.972,,,
2016-02-15,139.95,541.44,,53.239999999999995,,,,,,,,,32.8,834.95,,,
2016-02-16,,,,,,,,,,,87.71,,72.72,,,,
2016-02-18,,,,,,,,,,,70.3,,,,,,35.544
2016-02-20,29.99,,286.79,,,,,,,,,,,,,,
2016-02-21,,,,2541.98,,,,,,,,,49.12,,,,
2016-02-22,,,79.36,,,,,,,,,,,,,,
2016-02-23,,26.88,,10.896,,,,,,,,,,,,,
2016-02-25,,,,,,,,,,,3.15,,22.72,,,,
2016-02-27,538.92,,16.032,4.419,,,,,,,,,,105.98,,,493.92
2016-02-28,,,,,,551.264,,,,,,,,,,,
2016-03-01,,3.552,55.328,58.72,1227.9984,184.752,,,,,,,,111.824,,,
2016-03-02,,,10.16,,,,,101.88,,,,,,,,,787.53
2016-03-05,10.312,241.67,,13.768,,482.97900000000004,,29.34,7.104,38.28,,,,521.998,623.816,,
2016-03-06,,,,,,,1119.984,,,435.26,,,,,,,
2016-03-07,119.85,,,99.72,,,,,,,,,,587.97,,,
2016-03-08,,,18.388,8.568,512.94,860.93,,,,373.08,,,19.44,769.95,,,
2016-03-09,113.52,,,,,,,,,,4.608,,,359.88,,,
2016-03-10,,,,1.112,,,,,,,,,,,89.82,,
2016-03-12,,,,,,,,8.688,,37.288,5.04,,,,,,
2016-03-13,,,,,141.96,915.136,,,,327.76,,,,,,,
2016-03-14,,,,671.94,,,,,,,16.52,,19.44,,,,
2016-03-15,,,,,,,,,,,,,,16.776,,,
2016-03-16,,,28.6,6354.95,,,,7.38,,43.13,491.55,,,85.9,46.74,,171.96
2016-03-17,15.02,,,,,,,,,,,,,,33.82,,
2016-03-19,,,,17.568,,,3149.93,,10.9,,14.62,,276.296,453.576,1247.64,33.36,
2016-03-20,,,,2.512,,,,,18.864,,,,51.84,,29.304,,
2016-03-21,,962.08,,12.843,,,,,,,,,295.456,,,,
2016-03-22,466.336,,19.56,14.112,,,,,,91.96,,,105.52,1503.96,279.976,,
2016-03-23,239.97,,,,,107.772,,,31.56,,,,226.07999999999998,,27.92,,
2016-03-24,,6.992,,,359.058,,,,,46.9,,,,,,,
2016-03-26,16.776,,,,,,,,,,,,114.384,,,,
2016-03-27,,,,,,,,,,,,,,,83.7,,
2016-03-28,166.24,,,,,,,22.92,,,,,54.184,,,,
2016-03-29,53.25,73.28,5.56,,,1166.92,,,,19.92,,,240.14999999999998,,,,
2016-03-30,,,,,,366.744,,,,,,,23.52,180.96,,,
2016-03-31,,,,,,,,,,22.38,,,98.376,79.96,,,
2016-04-02,98.096,32.192,,9.156,,,,,,,,71.976,,87.8,,,
2016-04-04,,644.076,11.16,104.192,,,599.98,,5.84,108.4,,,,10.95,,,
2016-04-05,239.94,98.112,23.84,168.222,352.45,892.224,,,,554.7199999999999,23.904,,,56.838,563.808,,
2016-04-06,25.488,,42.048,16.548000000000002,,,,,,,,,55.92,,,,
2016-04-07,383.952,463.248,11.736,,,,,,,,,,25.92,,22.58,,
2016-04-09,,370.14,,,,,,,,,,,,,17.94,,369.912
2016-04-10,,,14.67,12.832,,,,,,,,,,,142.04,,
2016-04-11,85.14,406.6,,,,,639.968,,,121.888,,,52.76,21.99,,,
2016-04-13,199.96,75.84,,17.43,,,,,,37.68,,,85.92,978.472,10.744,12.88,1773.752
2016-04-14,,35.208,,,,,,,,,,,,,,,
2016-04-16,43.56,45.216,7.872,64.61,523.26,127.764,1439.968,,24.44,1196.86,,,,688.422,,,
2016-04-17,422.97,1447.65,16.27,62.296,,,,,,,,,11.96,783.96,,,
2016-04-18,147.924,,82.224,44.007999999999996,,146.676,,,,6.16,97.11000000000001,,77.512,342.736,1062.61,,
2016-04-19,,19.568,,310.392,,,,,,,,,,,,,
2016-04-20,,,,,,,,180.96,,595.38,,,130.416,287.97,,,
2016-04-21,,,,21.3,,191.96,,,,209.88,,,,469.95,,,
2016-04-22,,,64.14,,,,,,,,,,,88.776,,,
2016-04-24,,,25.99,,,,,,,,,,,,,,
2016-04-25,,478.83,57.75,13.944,,128.058,,21.34,,,,,,,221.024,,
2016-04-26,,,62.144000000000005,50.352,,1304.294,,,,97.04,,,,311.976,72.784,,191.5155
2016-04-27,,43.56,22.74,,,1267.53,,,,,,1379.92,,,,5.84,
2016-04-28,,195.384,,3825.1459999999997,,,,,,,,,,,23.832,,
2016-04-29,,,,,,,,,,,,,7.968,,,,
2016-04-30,,,34.65,,,213.115,,,,65.18,,,6.48,1252.27,,,
2016-05-01,,,172.704,12.176,,,,,,63.552,,,,88.752,37.32,76.436,
2016-05-02,,,,,,,,,,,8.856,,,158.376,,,
2016-05-03,367.512,41.896,68.724,125.912,,844.116,,,,665.88,,,7.968,,76.752,,
2016-05-04,,,125.93,,,,,,,49.088,,,,946.344,,,
2016-05-07,,,,,,,,,,,,,61.616,,,,244.006
2016-05-08,,,5.248,43.98,,127.764,2799.944,,,211.752,,,57.379999999999995,377.97,,357.93,
2016-05-09,,,,48.81,,,,,,,,,,,,,
2016-05-10,46.688,70.97,36.784,,,,,,,,,,,,,,
2016-05-11,,,,,,191.968,,,,,,,,,,,
2016-05-12,,,,14.592,,,,,,21.968,,,166.42399999999998,820.7360000000001,36.63,,
2016-05-13,,,,,,,,,16.0,,,,,222.384,,,
2016-05-14,,,200.968,23.484,509.9575,819.92,,200.984,,122.91,145.05599999999998,,,,1117.92,,
2016-05-15,,,,,,,,17.94,,,,,,,51.968,,
2016-05-16,255.968,,,,,,,,,,,,,,,,
2016-05-17,,,,33.28,,,,,,,,,14.088,,,,
2016-05-18,,,,,,,,,,,,,10.86,,,,
2016-05-20,,,,6.408,,,,,,163.136,,,,,,,
2016-05-21,,20.768,,51.564,,,,,,,,,,,,,
2016-05-22,,,,,,,,,,,8.26,2973.32,,775.728,104.79,,
2016-05-23,,972.292,,19.194,,,,186.69,,75.33,,,,,51.45,,
2016-05-24,,,,7.656,,602.651,,,,,,,,,,,
2016-05-25,207.984,845.728,21.24,127.96,,,,,,14.73,,,32.368,467.04,,22.368,
2016-05-26,167.944,,,,,210.616,,12.224,,20.24,,399.54,172.0,,,,
2016-05-28,,,54.45,6.096,,,,,,,13.05,,45.36,45.99,629.1999999999999,,
2016-05-29,,,,167.76,,317.058,,,8.04,41.568,12.39,,32.4,,540.57,,
2016-05-30,151.96,160.32,,,,,,,,,,,,368.82,,,
2016-05-31,,,10.272,3.564,1406.86,2567.84,,,7.56,82.04,21.654,,612.188,,466.16,,
2016-06-01,,,,409.408,,,,,,,28.91,,54.0,341.88,,,
2016-06-04,1109.95,,9.26,,,,,,,35.28,7.38,,30.44,,,,
2016-06-05,,,,,,1522.638,,,,,,,10.56,,,,
2016-06-07,,,8.016,25.832,,,,,,,,,25.92,,,,
2016-06-08,2.376,143.128,,,,,,,,,,,,,,,
2016-06-09,72.6,,,215.82,,,,,,355.36,,,12.96,140.376,,,
2016-06-11,53.7,,117.068,118.62799999999999,,1123.92,,,,77.832,,,32.4,249.584,1600.432,,
2016-06-12,,,,,,,,,,43.296,,,20.736,55.984,54.459999999999994,,
2016-06-13,67.98,,28.204,93.864,,,899.97,,,,,,38.879999999999995,,,,
2016-06-14,,,,,,,,,,51.072,,,,,,,
2016-06-15,11.672,,,,,,,,,404.96000000000004,,,9.568,225.576,82.368,,
2016-06-16,,,,3050.376,,197.372,,34.96,,,,,27.216,133.98,,,
2016-06-18,,,65.612,87.441,,643.136,,,,136.2,,,32.688,467.97,450.04,,
2016-06-19,,,,5.792,,,,186.69,,12.56,5.904,,6.48,,228.92,,
2016-06-20,319.984,,,,,,,,,257.64,,,,251.92000000000002,,,
2016-06-21,,,,,,,,,,,,,,107.976,,,
2016-06-22,,,,1217.568,,,,,4.96,,,,,,,,796.425
2016-06-23,75.0,,,165.98,,,,,5.43,27.42,,,,563.128,,,
2016-06-25,,,20.96,89.73599999999999,,,,,,280.234,4.608,,79.056,,382.486,,
2016-06-26,41.9,,,187.0,,332.94,,,,,,,43.056,971.88,15.42,,
2016-06-28,,,,,482.94,,,,,621.76,5.904,,15.552,,,,
2016-06-29,,,,,,117.882,,,,20.104,,,24.96,269.98,,,
2016-07-02,,32.784,,2.892,,790.538,,,,159.84,,,67.504,74.24,504.10400000000004,,
2016-07-03,,,,,,70.98,,,,451.352,294.93,,6.72,,,,
2016-07-04,,,15.48,22.848,,,,,,,,,,1099.96,,,
2016-07-05,34.8,,,26.23,,,,,,9.856,11.784,,,,38.976,,
2016-07-06,,,11.12,,301.96,170.352,,,,169.78,,,,124.95,601.65,,
2016-07-08,,,,,,,,,,,,,21.12,,,,
2016-07-09,,48.632,84.52,404.07,,,,,15.8,181.96,12.39,464.97,6.58,269.982,98.21,,
2016-07-10,,,,43.286,,,,,,,,,,,,,
2016-07-11,,,11.12,328.394,,341.488,,,,315.144,,,29.97,716.0,,,199.836
2016-07-12,,,6.912,1.928,,383.607,,,,7.76,,,,1652.3600000000001,,,
2016-07-13,,,,53.376,,1931.04,,,,,,,48.84,,,,
2016-07-14,,,,,127.764,441.92,,,,,,,18.496,,272.736,,
2016-07-16,599.9,,,,,2199.836,,137.25,11.52,,,,80.88,,,,
2016-07-17,,,,,427.38599999999997,,,,14.432,,6.264,,,,,,
2016-07-18,519.96,,5.76,,,,,,,,,,,,,,
2016-07-19,,,,2.025,,,,,,,,,,,,,
2016-07-20,831.2,,,2.88,1298.374,,,106.75,,,,,124.22,153.584,176.16,,
2016-07-23,,68.94,,10.512,,,,,,128.82,,,,,,,
2016-07-24,279.86,,,225.15,,,,,,20.94,,,,,,,
2016-07-25,,,,25.176,704.9,561.568,,98.46,9.42,,,,12.96,623.96,,,358.58
2016-07-26,,,99.2,32.28,,266.352,,167.86,,,,,,,,,393.165
2016-07-27,,,,,,,,,,,,,,29.97,,,
2016-07-30,209.93,,,10.92,,155.88,,,,5.28,,,,,61.792,,
2016-07-31,2549.35,,,,,,,,,,,,19.44,,,52.59,1090.782
2016-08-01,,,6.72,,,,,,,,,,,,,,1004.976
2016-08-02,199.98,,,6.368,,110.98,,,,,,558.4,8.4,128.85,,,277.5
2016-08-05,,,,1.362,,,,,,14.76,,,,,33.488,23.04,
2016-08-06,,,,6.23,369.1992,,,,,,35.52,,83.92,,,,
2016-08-07,,77.58,106.8,50.855999999999995,,,,,,212.94,25.06,,,494.97,,,
2016-08-08,,113.92,39.66,461.748,,144.784,,,,,,,,,,,
2016-08-09,247.8,,2.2,1217.568,687.4,,,,10.65,63.22,4.608,,287.82,1287.93,63.94,,1005.2560000000001
2016-08-10,,133.472,29.79,64.75,,,,,,,45.15,,,578.312,,,
2016-08-11,,,11.96,,,,,,,46.152,,,,138.0,,,
2016-08-13,,,115.48,17.0,,,,,,31.56,,,,,422.856,,
2016-08-15,,,,,,,,,,104.23,,,,,393.36,,
2016-08-16,31.176,,2.304,6.486000000000001,301.47,,,,,254.352,5.04,,333.664,2399.752,44.688,,
2016-08-17,282.88,,10.272,52.2,,,,,,,,,36.288,,,,
2016-08-21,21.728,,53.28,112.416,586.398,1142.466,,,,25.984,,,137.708,,744.052,3.488,
2016-08-22,,,16.52,50.112,,,,,,,,,,,,,
2016-08-23,251.91,574.5680000000001,,,,,,,12.032,,8.64,,323.448,,,31.68,
2016-08-24,105.96,,7.152,2.724,,,,,,14.91,6.912,3080.0,,614.952,2159.016,,1203.149
2016-08-25,,105.96,,3.798,,40.784,,,,27.983999999999998,,,,,,,
2016-08-27,,,,5.104,,,,,,,3.08,,114.2,,484.65,32.94,
2016-08-28,,,,41.36,307.666,,2799.96,,,4.16,,,,1143.136,2091.53,,103.481
2016-08-29,114.52,,,,,,,,,,,,,131.98,,,
2016-08-31,36.51,,,137.24,1552.831,,,,,,,239.976,79.28,555.96,,,
2016-09-01,,,,133.72,,60.74,959.984,,,124.36,,,,,1088.76,,
2016-09-03,147.35,137.62,,6.368,,129.568,,253.496,,238.152,7.5,,,100.49,188.106,666.248,
2016-09-04,754.326,,,17.418,,,,15.28,,,,,284.26,,,,
2016-09-05,,,,49.492,704.531,,,,,74.11999999999999,,,36.84,,,69.12,
2016-09-06,46.32,8.39,,56.16,,271.764,,,7.24,191.82,,,,337.98,,,
2016-09-07,649.93,,140.736,20.541,,47.516,,,7.24,,,,,791.964,756.15,,508.59
2016-09-08,,,,,,,,,,21.36,,,26.4,,41.88,,
2016-09-10,,61.96,6.08,,361.96,179.886,,,,106.68,,,293.76,,353.88,51.52,
2016-09-11,19.99,111.04,447.21000000000004,209.6,,,,,,244.24,39.69,,38.88,,851.4799999999999,,
2016-09-12,21.98,,9.26,,,,479.984,27.18,1.24,,33.3,,28.9,,105.98,,
2016-09-13,199.96,,,15.504000000000001,,1686.272,,7.824,,129.93,,,69.93,,,,
2016-09-14,,,,38.86,,,879.984,,,,,,,,1260.69,,1082.886
2016-09-15,,,24.32,83.448,46.384,1056.86,,,,71.68,,,28.512,59.97,362.716,,801.96
2016-09-16,,,,,,,,31.12,,,,,,,,,
2016-09-17,747.068,,102.06400000000001,48.096000000000004,9316.054,199.764,,3.264,,146.136,87.71,,143.35999999999999,277.77,109.5,,344.22
2016-09-18,717.12,,11.68,65.08,,,,,,24.4,,,199.18,1759.92,1122.74,24.2,
2016-09-19,66.36,,8.4,,61.96,,,,,60.84,,,22.96,279.86,,,
2016-09-20,,,,1480.2839999999999,,,,,,,,,61.4,,294.368,,
2016-09-21,151.2,,25.99,14.6,194.32,2834.516,,121.96,7.9,90.228,,,23.92,2279.924,1237.5,,
2016-09-22,617.976,61.44,2.816,3.204,,,,,,252.57999999999998,12.0,,32.4,,745.4879999999999,55.6,
2016-09-24,23.2,1158.12,90.968,36.924,,1925.6,,15.84,,14.91,24.424,,,857.0600000000001,33.568,,
2016-09-25,1123.85,,135.444,108.85500000000002,,409.718,,17.48,,,12.6,,76.2,104.98,,,1044.63
2016-09-26,289.8,60.672,,351.859,,,,124.46,34.44,,,629.93,259.13599999999997,1424.2540000000001,547.722,,
2016-09-27,,,115.6,15.08,,,,,,24.288,,,340.6,1871.88,15.51,,
2016-09-28,,566.49,,82.872,,,,12.536,4.512,,,,,344.764,,47.19,
2016-10-01,108.768,,,25.442,,,,,,,,,,884.78,139.424,,
2016-10-02,143.04,,,164.54,,,,51.12,,11.032,,,114.28999999999999,503.96,270.34,10.944,
2016-10-03,71.98400000000001,,,32.07,156.156,,,,,,,,,,15.008,,
2016-10-04,,,,,,392.94,,,,64.944,,,20.736,,26.96,,
2016-10-05,341.04,28.84,46.2,,66.294,291.168,,,,,,,,,77.55,,
2016-10-08,,,3.44,,,,,,,218.68,,,,,,,
2016-10-09,619.95,299.31300000000005,37.376,13.086,,389.97,,57.96,,,,,23.92,661.12,30.84,,
2016-10-10,,,8.016,,,,,,,,,,45.36,,1801.632,,
2016-10-11,31.95,,,,,,,,,,,,,,22.368,,957.5775
2016-10-12,17.9,,19.9,12.56,1525.4879999999998,,,,,,,,51.84,471.43999999999994,81.96,,209.67
2016-10-13,,,,,,287.94,,,,,,,,83.72,,,
2016-10-15,603.8399999999999,,,3.96,,2453.43,,4.464,,148.51600000000002,,,5.344,,,,
2016-10-16,,,,,,,,,,,,,,824.97,,,
2016-10-17,,,,,,,,,,,,,,,77.88,,
2016-10-18,27.696,73.164,,,,,,,,10.11,,,17.94,249.584,,,
2016-10-19,270.0,1640.7,,40.0,,,,,,,,,34.44,149.95,,,
2016-10-20,239.97,,,,,,,,,90.78,,,24.56,,,,364.776
2016-10-22,,,,5.176,,,,,,,,,,,9.952,,
2016-10-23,148.32,,10.688,9.672,,1275.1039999999998,479.976,11.8,,,,,108.584,218.152,,,
2016-10-24,,,,3.592,,454.272,,,,,,,25.92,,,,347.361
2016-10-25,,,139.81,,,873.436,,,,,,,,158.99,,,253.176
2016-10-26,,203.88,,14.301,,,,,,,152.304,,131.904,174.304,718.64,,
2016-10-28,,,,,,,,10.67,,57.21,,,,,36.63,,
2016-10-29,,,,,,,,210.84,,,,,33.4,,,,
2016-10-30,,182.91,,,,,439.992,,,15.488,,1095.7939999999999,,387.85999999999996,,,
2016-10-31,,,7.82,437.88,425.833,323.136,,108.99,17.45,,427.42,,19.98,1295.84,46.84,99.82000000000001,
2016-11-01,1435.29,,7.88,,,532.7280000000001,,,3.168,259.7,,,13.52,551.86,,,301.96
2016-11-02,447.93,197.72,,158.812,512.499,2731.0860000000002,,,,96.96,,,,344.704,,,1038.84
2016-11-03,89.97,,,,,1448.82,,6.608,,42.6,,,,1212.848,,,
2016-11-05,,387.136,,130.914,,207.0,,,,,19.824,,,,62.8,27.2,
2016-11-06,,,,4.401,,,,7.08,,,,,,,,,
2016-11-07,,,23.64,1393.6909999999998,,905.9200000000001,,24.4,26.18,64.96,,287.91,83.94,,262.432,,
2016-11-08,491.87,44.43,305.40999999999997,194.30700000000002,4404.9,577.764,,,41.544,269.762,5.04,4643.8,110.88,1040.1399999999999,67.15,,
2016-11-09,913.9300000000001,,,27.96,,,,38.46,2.48,,,2321.9,28.692,,262.49,,1024.38
2016-11-10,79.9,715.64,,74.76,,,549.99,,,29.22,,,,,2087.394,,
2016-11-11,,123.858,,,,,,,,,,,,,418.32,,
2016-11-12,,,11.76,9.9,,670.0559999999999,,239.448,,,,,31.252,100.792,64.784,,
2016-11-13,350.856,,,157.986,913.9692,,,,,183.836,,,317.42600000000004,858.88,84.96,,
2016-11-14,396.628,826.11,,19.96,,1114.192,,33.96,8.72,76.14,,,37.0,,,,
2016-11-15,,,119.04,213.228,,,,,,39.96,,,,,321.222,8.72,
2016-11-16,999.96,523.25,,,,,,,,220.084,18.9,,179.82,544.752,21.488,,1564.08
2016-11-17,,,,,,1549.468,,,,117.56,,,138.72,415.968,1623.35,40.92,
2016-11-19,,31.08,,5.984,,,,,,141.96,,,,861.76,,,
2016-11-20,13.98,,210.47000000000003,198.506,622.164,916.5319999999999,,,,118.00399999999999,50.12,479.988,19.65,72.744,158.992,,
2016-11-21,416.884,369.97,16.264,75.724,388.0928,396.802,439.992,,,18.176,28.216,83.9,,110.97,,15.88,1252.704
2016-11-22,27.168,68.81,17.12,17.1,,,,,55.104,,,32.985,155.62,,33.63,,206.962
2016-11-23,,2625.12,31.060000000000002,23.912,,,,16.56,,,,,418.5,307.98,27.056,,
2016-11-24,13.98,,14.7,120.384,,,,,,79.76,,,535.08,,454.86,,
2016-11-25,,,13.12,,,,,,,,,,,,,,
2016-11-26,,,,75.77,,,599.99,,,692.472,,,10.95,,104.9,,
2016-11-27,556.896,,29.79,6.24,170.98,283.92,,,,38.97,,,368.74,832.722,,,821.5255
2016-11-28,,45.28,8.28,,,,,62.24,3.008,625.962,,,335.52,647.904,136.288,,
2016-11-29,21.48,555.21,218.12,13.088000000000001,,1408.8700000000001,,,,,,,19.92,,523.48,,
2016-11-30,,98.352,,162.92100000000002,681.408,,,89.36,10.584,433.79200000000003,,,49.58,272.4,,,
2016-12-01,,,17.54,119.384,,4680.592000000001,,,,6.688,,,184.58,,208.41,,1913.4
2016-12-03,36.784,,9.344,697.074,359.499,,,,,80.91199999999999,,482.34,201.108,105.584,,,
2016-12-04,,,53.86,1606.284,,1110.348,,289.38,,89.91999999999999,,,85.96,1950.0620000000001,,,
2016-12-05,86.98400000000001,,45.04,411.264,,262.07,,12.224,,44.46,12.6,,22.68,,,,
2016-12-06,1619.91,7.78,243.83,17.604,,70.686,999.98,,,320.032,14.94,,314.72200000000004,879.064,1572.954,,
2016-12-07,,152.94,,28.048,,283.92,,,3.96,79.92,2.61,,12.96,773.94,,,
2016-12-08,236.0,,,,,,,,,,,,376.408,1838.3600000000001,221.96,,
2016-12-09,,,,,,,,,,,,,34.02,,,,
2016-12-10,127.428,53.088,89.34,,,734.9000000000001,799.984,,,,15.68,,323.01,134.99,,,801.96
2016-12-11,393.294,,17.344,156.688,69.576,,,,,107.336,196.62,,112.752,125.99,46.344,,364.95
2016-12-12,322.308,,10.43,24.448,,348.928,,15.52,7.86,166.5,,,166.72,,360.38,25.76,
2016-12-13,285.09,134.48,,67.08,,,,,,,9.96,,32.400000000000006,494.376,,,
2016-12-14,50.0,,56.3,11.856,,,,,,50.62,,,,319.968,,,
2016-12-15,2925.27,103.92,3.28,51.312,,,,,,262.864,,1799.994,,348.156,,,
2016-12-16,,,,,,,,,,,,,4.98,,,,
2016-12-17,,,234.37,122.47999999999999,,991.96,,,,253.682,,,,135.984,180.016,,
2016-12-18,166.24,,6.848,,,,,55.936,,20.32,18.432,,20.736,,646.776,,
2016-12-19,3541.2479999999996,526.736,,7.04,,,,,5.04,,6.912,,146.18,834.336,,,1053.164
2016-12-20,356.768,36.27,,,359.058,,,7.92,,14.368,11.696,,72.6,159.984,88.8,,
2016-12-21,787.9200000000001,60.984,62.912000000000006,,,,,27.312,,51.756,,600.53,,47.976,,,1618.37
2016-12-22,,,17.12,,,422.625,,,,,,,,,33.568,,
2016-12-23,,194.32,,,,,,,,,,,,,,,
2016-12-24,,,41.208,39.712,590.058,883.84,4899.93,,51.504000000000005,90.09599999999999,21.56,479.988,274.68600000000004,111.984,,,
2016-12-25,843.9,414.96,3.28,157.9,610.548,,1199.96,,,823.016,9.216,,68.208,73.98,,,
2016-12-26,,,,,,275.058,,,22.2,,,,212.64,,,,51.588
2016-12-27,85.392,462.91999999999996,,,663.5032,212.058,,238.62,,53.352,21.56,,224.54,1279.228,358.284,,1548.99
2016-12-28,54.384,,,,,,,,,,,,,,24.816,,
2016-12-30,,,,,,,,271.44,,,,2548.56,68.52,287.88,74.94,,
2016-12-31,,,,1204.52,,,,,3.488,14.76,,,,,152.688,5.888,
2017-01-02,,,,,173.94,,,,,,,,,231.98,,,
2017-01-03,195.68,,,11.88,,,,,,,,,,180.96,114.46,,1592.85
2017-01-04,,,4.672,104.58,,,959.968,,,,,,,,,,
2017-01-05,191.472,,5.248,,,,,,,,,,,59.184,,,
2017-01-07,,,34.58,,,,,,,23.076,,,25.92,,,,
2017-01-08,,,47.616,136.878,1565.88,,,,,,,,,108.784,,,
2017-01-09,349.95,,,,,,,,,15.168,,,,377.928,,,
2017-01-10,69.98,,,,,,,,,104.77000000000001,,,,,,,
2017-01-11,,,,,,,,,,54.992,,,78.864,15.588,,,
2017-01-14,,,,,,,,,,315.776,,,89.568,,,,
2017-01-15,254.97,,4.66,49.536,,,,68.86,,,,,142.1,,,,181.797
2017-01-16,90.57,,,11.648,,,,,,,,,,,,,
2017-01-17,717.96,,,,,,,,,322.59,,,,,,,
2017-01-21,,,,,,1167.056,,,,,,,,,,,
2017-01-22,55.176,64.864,,26.336,451.136,,,,7.56,124.17200000000001,65.05,,12.96,110.376,,,
2017-01-23,99.98,,8.04,,,,,,,59.99,,,,,1564.29,,
2017-01-24,,,,31.36,,,,,,,,,,,,,
2017-01-25,,,9.21,43.12,,,,,,45.98,,,18.0,,428.68,,313.722
2017-01-28,,,39.68,,,,,,,,,,,,,,
2017-01-30,,,,69.968,48.58,435.168,,,,,26.01,,156.512,1439.968,305.01,,626.1
2017-01-31,,,,1270.99,,,,148.72,,,,,72.25200000000001,109.592,,,
2017-02-01,,,,,,,,,,,,,105.52,,56.45,,
2017-02-02,,,,36.4,,,,,,92.474,,8749.95,,,117.96,,
2017-02-03,,,,,,866.4,,,,,,,,,,,
2017-02-04,,,,,,,,,,14.368,,,,90.48,93.02,,
2017-02-05,,,,,239.98,,,167.96,9.45,18.84,14.73,,814.18,749.648,421.96000000000004,,557.728
2017-02-06,,,,,,,,,,132.224,,,,,,,
2017-02-07,100.0,,,,,,,,,,7.83,,30.352,623.96,,,
2017-02-08,,,,,,241.5,,,,,,,,1127.976,,,
2017-02-09,121.83,,,,,,,,,,,,,,,,
2017-02-11,,,,,,,,,,,,,,69.93,,,
2017-02-12,,,,15.92,,,,,,,,,,,1350.12,,
2017-02-13,,,,,,,,,,,,,146.82,,,,
2017-02-14,,,272.16,,,,,,,10.56,,,4.77,,,,550.431
2017-02-15,,,,398.352,,,,,8.72,,,,,,,,
2017-02-16,89.97,92.064,,5.8,,617.5640000000001,,,6.976,318.08,,,5.184,,,,
2017-02-19,,,,,,,,,,44.46,8.67,,70.88,,242.94,25.71,
2017-02-20,,,,,,,,,,,,,16.496,,,,
2017-02-21,12.99,,,88.43,,,,,,204.75,,,,39.98,1177.976,,
2017-02-22,36.24,490.32,,,,,,,10.65,,,,,445.96,,,
2017-02-23,,,,,,,,57.576,,,,,,,,,
2017-02-25,,,,,,,,46.72,,,,,,,,,
2017-02-27,,170.88,,56.82,,,,,,16.192,,,,,,,
2017-02-28,,,111.104,,,,,,36.48,,,,,,,,
2017-03-01,,,,,,,,,,,,4899.93,26.38,159.984,362.92,,836.592
2017-03-03,41.72,,,447.86,,563.43,,36.6,2.304,35.28,,287.91,209.224,1046.7759999999998,,3955.422,637.896
2017-03-04,159.98,,16.99,128.4,,,,,,,10.08,,,,,,
2017-03-05,,,,,,,,149.352,,,,,,,12.992,,
2017-03-06,,2.334,,3.771,,,,,,159.04,,,,500.178,,,145.98
2017-03-07,,,,,,,,,,,,,,21.072,,,
2017-03-08,27.96,207.144,13.9,88.014,,,,146.352,5.984,215.95999999999998,,,12.96,1472.536,,,
2017-03-09,199.75,,,51.8,,354.9,,,,,,,17.94,,11.21,,
2017-03-10,66.842,,,,176.784,,,,,,,3357.6,14.9,4158.912,104.696,,
2017-03-11,45.98,,,17.46,,,,,,107.256,,,,,481.32,,244.006
2017-03-12,,154.9,,,,770.352,,59.9,,,,,32.94,,676.55,,
2017-03-13,379.96,318.24,,173.51299999999998,,386.68,,,,156.16,,449.1,111.32,743.0939999999999,678.64,4912.59,557.585
2017-03-14,,,145.544,41.904,241.332,196.784,,,,38.62,,,5.184,,,,
2017-03-15,83.976,,,4.544,,1352.032,,,,,,,365.44,,,,
2017-03-17,,901.95,39.68,32.54,,,,199.9,,971.5,,,,214.764,,,
2017-03-18,,871.8,,,,,,,,,,,,,,,189.882
2017-03-19,,,,31.086,72.294,,,,,35.3,,,,,,,
2017-03-20,,,,16.821,,,,,,86.45,,,31.104,96.77600000000001,,,697.16
2017-03-21,,,14.735999999999999,3.168,,528.43,,,,,,,,,,,99.372
2017-03-22,58.58,,,,,167.888,,,,,,,,,,,
2017-03-24,,,18.656,,301.47,,,,,,,,22.48,403.168,,,
2017-03-25,1287.45,,59.52,,,,,,,,,,,,,,
2017-03-26,119.976,,,17.04,,,,,,,,,17.64,,527.59,,
2017-03-27,,,,32.54,,,,,,60.16,,,,,,,
2017-03-28,,,,,,,,,,,,,5.98,,119.32,,
2017-03-29,,,,71.128,299.975,844.116,,,,414.0,,,59.007999999999996,971.112,,,
2017-03-30,,,,,,,,,,,,,11.34,,,,
2017-03-31,31.984,,,,,327.996,,,,,,,,280.782,,,
2017-04-01,,30.144,451.76,17.944,,1317.492,,,31.56,7.04,20.7,,,48.11,161.94,74.79,
2017-04-02,,,,,,1454.9,,,,,,,,,,,
2017-04-03,,,,99.846,,,,,,71.12,,,10.272,259.96,,,
2017-04-04,89.97,,,588.784,,,,,,82.64,,,27.81,149.97,31.02,,
2017-04-05,,,,,,,,,,,,,,118.782,158.368,769.184,
2017-04-06,,,,,,,,,,,,,,1294.75,,,
2017-04-07,,,3.64,,,658.746,1199.976,,,,,,37.94,,,,
2017-04-08,431.928,,17.04,1209.896,743.604,95.984,,35.052,30.0,184.61999999999998,,,93.32,,64.96,,
2017-04-09,,,,40.632,556.665,,,,,,,,,517.9,,,
2017-04-10,,113.76,13.568,80.136,,,,,,,,,12.96,,730.17,,
2017-04-12,,,,49.832,,832.64,,63.9,,,,,70.702,,181.536,,343.92
2017-04-13,,,,,,,,6.12,,,,,,,,,
2017-04-14,,,,25.06,,1317.336,,,,,,,,,124.176,,
2017-04-15,700.704,,33.488,189.588,,1121.568,,,8.04,,,,143.7,,4.768,,
2017-04-16,35.168,,12.84,25.3,,,,,,9.96,,9099.93,123.088,,,28.8,
2017-04-17,,,,,257.499,,,,29.05,97.744,,,,36.792,,,
2017-04-18,,203.92,6.99,,,344.372,,,,127.88,,,9.664,29.56,1785.312,6.84,
2017-04-19,,,153.89999999999998,24.456,,,,,,,,,442.12,65.94,459.88,62.66,205.176
2017-04-21,,48.792,15.48,53.168,,,,,,,,,51.84,,102.336,,
2017-04-22,,78.272,35.010000000000005,28.485,,,,,,141.74,,,,,23.952,185.376,1272.63
2017-04-23,99.99,,,269.608,,,,71.97,,,,,222.88,,55.92,,
2017-04-24,258.696,,,7.0920000000000005,,1325.76,,,,,,,15.552,,,,
2017-04-25,,,,25.62,,,,,,,,,,82.8,,,
2017-04-26,,,,,,434.646,,,,,,,,,,,
2017-04-28,,,,,,41.568,,,,30.344,15.712,,29.472,369.576,,,
2017-04-30,,,,7.712,,,,,,134.496,,,,,,,
2017-05-01,,,11.16,2.742,,,,,,,3.984,,129.36,,,,370.62
2017-05-02,,,86.352,45.576,,553.8000000000001,,,,,5.04,,,,76.548,,
2017-05-03,564.496,26.406,27.384,2.182,,,,,,51.968,6.0,224.937,,,195.64,,
2017-05-05,,,,12.448,,,,,,16.72,,,186.74,423.648,5.98,,2055.744
2017-05-06,26.176,54.48,,3.208,,,,,7.216,96.31200000000001,,,49.568,,,,
2017-05-07,199.95,,,85.232,,442.764,,,,63.68,44.4,3999.95,,,,,
2017-05-08,58.112,,,,,,,,,211.96,,,38.996,,1031.176,,
2017-05-09,93.98,48.784,115.22,31.711999999999996,,,,9.344,,,,,108.68,19.136,856.656,,
2017-05-10,,,,,,,,7.072,,,,,11.96,743.988,,,
2017-05-11,,,,,,,,,,,,,5.98,,,,
2017-05-12,120.0,8.67,10.96,,,,,54.9,,10.02,,,,631.96,82.368,,
2017-05-14,185.528,,4.768,81.354,,,,,,109.576,,,31.104,43.6,,,
2017-05-15,,,100.3,533.38,,,,,,,,,15.232,,,,
2017-05-16,,,,,,,,,,282.84,27.72,,17.34,,552.56,,
2017-05-17,,,,32.86,,,,,7.896,195.848,14.62,,30.528,,,65.17,
2017-05-18,,,,,,,,,,,,,17.94,,104.28,,
2017-05-19,,330.74,21.4,57.328,,641.96,,,,75.68,,,,,454.9,,
2017-05-20,,,,58.753,,,,,,1049.2,,,,1363.96,,,
2017-05-21,66.26,,,5.7620000000000005,,,,,,,,2396.4,194.61599999999999,55.176,,,
2017-05-22,95.1,662.84,,,,,,26.88,,,14.73,,,825.364,,,174.286
2017-05-23,,,,6.294,,,8399.976,,,37.05,,,15.348,2102.31,,,
2017-05-24,,,16.656,,,,,,,,,,191.6,,,69.5,
2017-05-25,,,,,,,,,,24.96,,,19.36,,1267.65,,
2017-05-26,111.912,34.848,1.504,9.64,,873.134,,,5.94,68.31,,371.976,102.22,211.168,184.704,,
2017-05-27,,,,,,3504.9,,,,30.759999999999998,,,472.05,,1297.368,,
2017-05-28,131.6,262.24,185.88,22.72,,390.272,,,,,,558.4,244.912,286.4,,54.9,
2017-05-29,,,4.448,34.027,,,,,,44.76,,,,979.95,,,
2017-05-30,2315.64,488.66,20.259999999999998,43.230000000000004,,801.568,839.988,26.55,,215.24,62.1,,746.1320000000001,205.95,49.76,,2275.5
2017-05-31,,,,7.152,,191.079,,,,32.064,,,28.863999999999997,179.7,,,
2017-06-02,,,,62.88,,,,,,,,,30.18,,64.784,,
2017-06-04,,,7.408,,136.784,,,,,496.532,,1349.85,116.74,31.984,,,177.225
2017-06-05,,58.24,11.16,21.552,,,,,,,22.5,,,,484.988,61.38,
2017-06-06,557.12,,,75.81,,,,,,,22.05,,278.32,3829.752,714.3,,
2017-06-07,,,,4.784,,,,,9.648,,,,37.129999999999995,,,,
2017-06-09,,,,,,122.352,,,,,,695.7,,177.48,,,692.94
2017-06-10,,,,,,,,,,,44.316,,32.4,,,,1335.68
2017-06-11,629.94,,,63.6,,,,,,12.544,14.62,,,,,,902.712
2017-06-12,,325.104,11.264,49.104,,379.372,,115.02,,54.024,14.62,1007.979,643.94,68.04,294.096,,
2017-06-13,,,,33.568,,,,,,,18.9,,,377.97,,,
2017-06-14,47.754,,15.68,39.936,599.165,,,,,8.73,,,,,,,2745.834
2017-06-15,,,,,,,,,,,,,173.488,,,,
2017-06-16,,,,,,,,,,,9.45,91.475,46.35,,,,
2017-06-17,30.0,,11.52,56.44,239.666,802.546,,,,266.352,22.5,,378.76,566.97,249.3,,376.866
2017-06-18,,453.6,,4.626,,,,,,,,,83.712,,,,
2017-06-19,,,,,,,,,,,,,17.12,,,,
2017-06-20,147.868,469.476,5.16,47.43,,161.568,,,,57.69,,,156.61599999999999,21.8,161.94,,
2017-06-21,,,,223.54000000000002,353.568,,,,,,,,,,,,
2017-06-23,,,,,,,,,3.96,,188.33,,166.70999999999998,862.344,418.58,835.17,
2017-06-24,,250.152,,,,,,,,,,4476.8,104.85,479.15000000000003,,,
2017-06-25,,60.81,,38.088,,507.304,,,,32.712,,,,,254.352,,
2017-06-26,174.546,,20.003999999999998,8.02,,,,,17.9,59.88,,,381.39000000000004,135.95,890.19,231.72,
2017-06-27,,,,,,539.658,,,,,,,37.464,201.584,,,
2017-06-28,,283.98,,49.28,,121.96,,,,,,,61.96,359.976,,,
2017-06-29,,,,,,,,,,,,,,,191.88,,
2017-06-30,50.12,,35.97,,1266.86,,,,,,,,,,,,
2017-07-01,30.84,,,75.036,,,1499.95,,,,30.53,,88.02000000000001,,,,
2017-07-02,,,7.7,,,723.6139999999999,,,,,,,41.472,,,,
2017-07-03,,706.86,,,,,,,3.96,,,,136.88,,,,
2017-07-04,,,,,1279.165,,,43.96,,50.8,,,,249.456,27.92,,
2017-07-07,,,45.98,15.135,,541.34,2799.96,,2.632,275.938,10.08,,85.588,59.994,,45.584,
2017-07-08,,,47.616,48.0,,662.88,,,,,,,28.944000000000003,1795.584,33.488,,
2017-07-09,,,,,,408.006,,,,165.28,,,,,,,
2017-07-10,,,154.24,44.856,,,,,,,,341.991,,,354.808,,
2017-07-12,,,,,,,,,,,,,,95.76,,,
2017-07-14,29.0,151.62,41.86,68.24799999999999,579.136,,,,43.68,82.55,,,219.84,911.184,11.21,11.632,
2017-07-15,,,,,,230.28,,,,,,,105.52,,,44.4,
2017-07-16,75.98,,22.32,30.560000000000002,,,,10.2,,9.552,,,80.136,638.358,37.224,5.84,
2017-07-17,428.4,208.6,,12.816,,,,,,37.17,87.71,,136.89,617.784,655.51,,
2017-07-18,15.576,,11.264,1.872,,1539.17,,,,,,,18.496,55.992,1215.688,33.8,
2017-07-19,389.97,,,86.16,504.9,,,,,185.58,,,245.94,35.984,87.92,,
2017-07-20,,,,,,,,,,,,,,89.95,,,
2017-07-21,,,18.656,13.029,,363.92,,419.9,,,9.414,,,,166.176,,
2017-07-22,109.95,37.68,33.36,5.4,,,,,,39.068,6.3,,84.24000000000001,,965.85,86.2,
2017-07-23,,23.696,215.584,16.168,,,,,,,,265.475,5.184,115.136,,13.344,
2017-07-24,,,73.2,,,253.764,,,,,,,,,,,
2017-07-25,,243.88,37.17,130.056,,241.568,1439.976,20.936,21.48,325.06,15.712,,65.5,,7.89,,2430.08
2017-07-28,,9.48,,1369.764,177.45,,,,20.44,327.42,18.9,,109.92,,,,
2017-07-29,,,,29.61,,,,,,,,,,,789.544,,
2017-07-30,,715.64,,9.264,,,,,,,9.248,,,,1036.624,,
2017-07-31,,283.14,,,,,,,,272.94,,,,754.95,,,863.128
2017-08-01,,45.96,,,,,,,,19.312,,,19.648,1039.728,,,
2017-08-02,,,,12.544,,,,,,,,,,333.576,,,136.464
2017-08-03,167.28,,,,,,,81.54,,,,,,,,,
2017-08-04,,,,36.716,,,,,,109.8,13.95,,,302.384,,35.06,
2017-08-05,,,197.05,,,,,,,,,,,,,,
2017-08-06,,,38.34,,,,,,,,,,70.88,211.168,,,
2017-08-07,179.97,,,,,,,,,,,,,,,,
2017-08-08,,487.92,,15.24,,,,,34.507999999999996,,,,64.512,,,,513.024
2017-08-09,,569.536,,16.218,,,,,,,,,30.816,44.784,,,
2017-08-11,,,,119.42,,,,,,,,,32.4,,,,
2017-08-12,1399.944,,37.312,,,145.764,,,,,,,6.48,,1591.02,,771.4405
2017-08-13,71.98,76.264,,42.072,241.96,,,,,,103.6,,10.272,,,185.376,
2017-08-14,279.96,,,,,,,,,,,105.552,31.092,507.084,,,
2017-08-15,,122.328,,18.882,,225.296,,,,312.03,3.15,,37.52,943.12,17.94,,
2017-08-16,,,,,,,,10.86,,,,,32.4,,,,161.28
2017-08-17,,,,15.712,,,,,,,,,,,,,
2017-08-18,,355.32,,2.068,,,,,,14.896,,,83.84,39.99,,,
2017-08-19,,,,448.792,,,,,,,,,,,,,
2017-08-20,,,,,,,,,,,,,,14.78,,,
2017-08-21,254.97,,,46.111999999999995,,,,,,,9.216,,60.480000000000004,123.94399999999999,,28.048,3702.348
2017-08-22,,113.552,5.76,33.982,,,,134.288,,98.328,,,19.44,,,,
2017-08-23,668.38,1083.8999999999999,50.64,,,532.704,,135.9,,22.608,62.790000000000006,837.6,34.68,,742.2660000000001,15.88,
2017-08-26,985.8580000000001,,22.372,146.688,,2627.852,,,10.23,186.54,,,203.948,242.97,,,447.84
2017-08-27,,,,29.0,,,,,11.68,,9.216,,292.582,59.97,14.16,106.688,244.615
2017-08-28,,,,41.596,156.3728,,,,,,,,15.48,108.576,,,
2017-08-29,95.976,,,5.274,163.88,,,,10.584,,,,64.624,22.0,,27.93,241.92
2017-08-30,,,,37.764,,786.744,,,,47.04,100.24,,,630.858,54.224,,
2017-08-31,,,,,,,,,,,,,,,23.968,,
2017-09-01,548.17,376.74,11.96,4438.236,,,,34.66,16.688,191.82,,,104.16,32.768,,10.95,
2017-09-02,1172.24,309.456,113.626,64.31099999999999,,215.976,999.98,65.94,1.81,218.93200000000002,29.24,1362.9,,1091.168,105.368,,1041.2459999999999
2017-09-03,,,,1250.318,543.684,,,,,98.712,58.48,,79.12,280.782,54.5,,
2017-09-04,279.95,87.168,103.312,174.54,,,,16.56,,106.53999999999999,,,251.692,,665.3299999999999,22.72,
2017-09-05,116.0,62.79,115.812,125.10100000000001,,1634.505,,23.472,48.608000000000004,174.47199999999998,47.11,,435.408,430.784,359.346,,1652.94
2017-09-06,31.86,77.88,,3.204,722.352,,,95.952,,,,,41.92,329.584,10.784,,
2017-09-08,92.75200000000001,207.48,85.24799999999999,100.16,2570.2056000000002,,,,,57.266000000000005,14.76,,129.814,59.96,428.828,,747.51
2017-09-09,,,,69.984,,,,,,15.008,,,,,,,
2017-09-10,,,67.56,330.664,,,,,,,7.38,,88.67,1239.6399999999999,59.48,,300.93
2017-09-11,3347.37,,2.912,64.208,,,1599.92,11.09,,,6.0,,46.362,953.696,370.46,,
2017-09-12,20.7,,,20.704,,1609.024,,,21.810000000000002,70.848,17.334,,68.52,146.952,67.9,,
2017-09-13,,378.0,,,,,,,,1336.44,14.4,,35.25,179.92,413.82,16.9,
2017-09-14,,,,673.568,,,,,,,,,25.92,437.85,,,
2017-09-15,,,35.4,910.648,,,,,,,,,26.744,,,,1128.39
2017-09-16,,17.48,,,273.666,121.78,,,,,,,12.96,,,,
2017-09-17,,,53.5,232.4,,113.888,,,,316.12,12.32,396.0,6.48,617.018,295.4,,
2017-09-18,,,2.672,4.616,,2769.23,,,,66.072,3.0,,381.99,239.984,900.08,,383.438
2017-09-19,249.95,,,98.158,,1573.692,,,,25.632,,,176.92,,1675.75,39.21,
2017-09-20,,393.25,11.76,404.32399999999996,163.88,98.392,,,,17.088,,,143.31,,,,
2017-09-22,,,48.648,7.506,,,,,,100.672,33.08,,35.88,63.936,128.34,,
2017-09-23,,,4.912,35.945,,553.722,,4.08,,560.704,18.9,,11.952,,118.25,13.68,
2017-09-24,,,,448.752,,718.6120000000001,,304.9,,212.59,,,48.18000000000001,,553.016,,
2017-09-25,499.95,286.256,19.599999999999998,5.022,477.666,201.96,,,,68.64,15.936,,60.048,,355.76,,393.165
2017-09-26,531.976,329.912,35.4,22.44,424.9575,1202.523,,8.928,,,7.83,,82.75,,51.45,,
2017-09-27,,,13.89,2.907,956.6648,,,,,,,,17.94,1001.584,,,
2017-09-28,,,,,,,,,,,,,99.136,,,,
2017-09-29,209.97,,77.296,90.17999999999999,,,,,,,15.936,,18.97,859.2,,,
2017-09-30,,,,1.964,523.92,,,,,,,,,,,,
2017-10-01,79.512,,30.976,5.388,,194.848,,,,41.85,,,28.352,69.9,,,330.588
2017-10-02,,61.44,33.96,825.142,,,17499.95,,,,,,,,32.48,,
2017-10-03,,,,,,1514.4279999999999,,15.648,,38.08,6.16,,106.38,,,,
2017-10-04,,,,30.4,,,5399.91,59.752,,11.568,,,,52.68,119.1,,239.372
2017-10-06,67.96,,,58.730000000000004,,,,,,,,703.71,,,,,
2017-10-07,,,,27.264,,,,,93.36,,4.928,837.6,10.56,,,,
2017-10-08,,,,,,,,,,51.712,60.144,,61.96,,387.72,,
2017-10-09,,,1.408,,,,,,,502.4,,,19.136,23.976,,,
2017-10-10,,,,4.095,90.882,120.784,,,,,,,,15.992,,20.608,
2017-10-11,,,33.064,,,,,,,,,,,,,,
2017-10-13,191.976,,62.092,82.462,,,,,4.02,290.26,24.9,,101.708,,99.87,65.88,727.45
2017-10-14,1849.454,,,,,102.592,,35.008,,,,,244.136,1091.93,,12.768,
2017-10-15,,911.85,,396.28,,,,66.54,,,49.620000000000005,,190.35999999999999,5.5,,,
2017-10-16,,,,,,,,,,,,,,,,,142.182
2017-10-17,,1927.59,,334.14000000000004,241.64600000000002,,,,,,,,,449.97,,,
2017-10-18,,,,,,307.92,,,,,,,,,,,
2017-10-20,,,7.152,19.296,,443.822,,,25.248,61.1,,,51.016,317.68,20.86,,
2017-10-21,204.24,,125.61,4567.096,1043.92,242.136,,,,19.96,,,58.800000000000004,235.152,711.822,7.36,661.176
2017-10-22,,,8.34,,,,,,,173.26,,,6.68,,,,
2017-10-23,,,,,,,,,17.05,16.156,,,434.216,,,,
2017-10-24,1109.97,,,,,,,,,,,,15.552,239.976,,,
2017-10-25,,,,,,,,,,,,,,783.96,,,
2017-10-27,,43.92,,101.89599999999999,,718.624,,,40.67,40.2,,,,,33.48,,
2017-10-28,,,12.42,157.047,,,,,,1111.368,,,140.26999999999998,302.376,1175.54,,
2017-10-29,,11.67,,11.744,,,,,,67.0,,,,,40.74,,
2017-10-30,,,126.63,28.752,,,,,3.62,,,,,,,,
2017-10-31,,,12.39,,,2265.7250000000004,,,,,,,32.064,,1418.3600000000001,21.96,
2017-11-01,68.112,,,,,,,251.79,,,,,,21.8,111.672,,
2017-11-03,154.95,1144.8,101.50999999999999,84.27799999999999,,687.739,,,35.26,24.1,87.71,179.991,459.51800000000003,,,,842.94
2017-11-04,,,192.8,11.888,,755.136,,,10.74,376.154,629.184,686.4,102.00800000000001,,45.248,202.96,876.3
2017-11-05,813.6500000000001,,39.68,203.42,956.6648,113.888,,158.13,,1030.76,63.59,,,23.988,,,863.128
2017-11-06,,,,,,289.408,,,,274.128,,,124.88,,84.84,,
2017-11-07,599.946,,,426.464,,1603.136,,,14.96,59.28,14.62,,25.86,623.9300000000001,430.908,11.36,
2017-11-08,,,,,261.96,731.94,,,,,,,,,,,
2017-11-09,479.97,,,,,,,,,,,,,,,,
2017-11-10,458.86400000000003,464.79999999999995,56.56,314.11199999999997,341.96,,,,,663.028,9.216,,309.054,1145.868,945.296,14.72,
2017-11-11,191.938,671.544,107.05199999999999,131.632,,744.79,,,,48.92,,,,257.98,111.5,,2678.94
2017-11-12,31.984,147.776,20.58,28.018,,3461.248,,287.52,16.752,22.752,,,19.98,203.976,,,674.352
2017-11-13,,,184.77,3.136,,,,,,54.08,14.94,,217.056,2279.96,139.06,52.136,
2017-11-14,499.98,,33.489999999999995,10.556,,788.064,1199.976,,,68.49600000000001,7.38,,21.73,103.95,40.44,,
2017-11-15,99.39,,,1054.928,,,,,,,,,,361.376,,,630.024
2017-11-16,,,,8.32,,,,28.4,,,,,,,,,
2017-11-17,,,,10.776,,,,,,,,,15.232,67.176,,49.5,
2017-11-18,1914.96,171.808,6.368,61.12,,557.068,,,,,48.848,,19.648,61.192,1117.92,,
2017-11-19,,63.7,35.760000000000005,44.036,,,,40.968,58.368,34.288000000000004,,,55.118,71.96,234.26399999999998,,
2017-11-20,283.86400000000003,39.0,,150.365,376.538,318.43,,,19.096,7.068,33.116,,339.326,1463.81,39.72,,
2017-11-21,81.576,,,,113.568,322.69,,,,77.952,,30.345,124.25200000000001,404.94,21.568,,
2017-11-22,24.032,,44.436,206.608,,,,,,39.88,2.088,,,,,,
2017-11-23,,,,,,,,,15.8,84.81599999999999,,,,,,,
2017-11-24,1840.748,42.384,14.04,1237.176,339.92,1684.752,,40.752,8.760000000000002,299.96,,,127.704,691.072,41.92,25.35,
2017-11-25,219.976,,,473.88800000000003,,194.352,,,,,,4819.905,5.08,59.98,636.76,,1568.61
2017-11-26,59.97,64.96,55.026,215.245,3406.664,,,,,595.38,,3040.0,84.34,494.982,,,313.176
2017-11-27,97.35,167.292,,152.0,,,,,,31.56,,,,388.752,137.792,,331.023
2017-11-28,101.7,,,21.482,,530.472,,,12.672,,,,,340.182,2421.864,,
2017-11-29,58.416,,,,,,,,,242.176,,,,,,,
2017-11-30,,,,,,389.97,,,,,,,47.12,36.192,496.86,,
2017-12-01,,3018.148,27.744,88.08,,1258.096,,22.92,,177.16,,,71.82,1181.838,1112.94,40.7,366.009
2017-12-02,165.6,59.7,,695.136,781.864,,,,,86.94,,,152.156,629.95,2113.27,,
2017-12-03,1649.95,394.816,21.92,18.192,205.666,572.626,,,,111.9,6.3,,182.72,,855.03,,1250.696
2017-12-04,78.15,,,17.256,,,,,,113.79,,,145.41,,589.6800000000001,,
2017-12-05,,,37.456,579.5260000000001,81.94,1951.84,,,,191.82,11.952,,,1234.4,1050.0,,
2017-12-06,,,,1298.112,,,479.984,35.89,,,,,457.22,588.768,,,
2017-12-08,84.672,,8.56,12.957,405.86,680.01,,,,190.92,,,55.944,1462.078,386.43,,1421.664
2017-12-09,79.02,126.625,28.788,276.86600000000004,,,,,,,125.81,,9.392,51.58,,20.568,1136.8339999999998
2017-12-10,44.75,100.44,,833.5120000000001,,1746.468,,361.92,,,,,285.56,,80.58,,
2017-12-11,555.76,544.092,29.992,373.968,,1226.27,,,15.26,14.8,,,30.98,1633.094,443.788,13.52,1220.7259999999999
2017-12-12,633.902,56.52,13.9,18.693,,,,,,417.12,,,49.12,657.93,26.86,,
2017-12-13,63.88,,9.84,6.096,,,,,,,,,,,,,1114.272
2017-12-14,,,,23.12,,81.424,,,21.48,530.3,5.76,,14.62,,151.95000000000002,,
2017-12-15,,87.168,,2.214,,,,,,14.76,,,19.44,,296.37,,2217.135
2017-12-16,21.21,34.944,,4.788,,563.92,,,3.68,,,,,,,,
2017-12-17,165.6,,,9917.644,,,,,,,,,51.84,,46.53,,2003.52
2017-12-18,957.886,194.528,18.688,2093.278,,563.94,,,,242.60000000000002,15.936,,50.528000000000006,95.656,900.08,1540.78,377.45
2017-12-19,,,3.52,51.70199999999999,,,,,,303.92,,,,,,,455.97
2017-12-20,66.3,,,15.42,,,,,,18.92,,,33.9,,,,
2017-12-22,,,,112.264,,,,,,919.3040000000001,,11.56,,,,,
2017-12-23,,,13.02,5.553,141.372,,1999.96,61.96,24.85,861.468,45.36,,93.80799999999999,2373.306,1345.2,,
2017-12-24,255.68,,,27.882,,,,39.76,,843.52,,,33.4,197.97,540.048,,
2017-12-25,800.14,,19.89,33.568,,4176.022,,,,364.97,,269.97,151.68,2575.944,,,2095.871
2017-12-26,89.97,53.11,65.298,4.992,,359.29200000000003,,,,,,,33.9,302.384,,17.76,902.712
2017-12-27,40.0,,,,,845.488,,,17.184,,22.77,,34.048,,,,
2017-12-29,,81.96,,52.128,,754.45,,27.792,,70.56,,,248.8,,14.03,27.96,
2017-12-30,,,16.52,13.308,,170.786,,,,,5.904,,72.224,,481.32,13.712,
2017-12-31,,,51.256,198.144,,,,,,,,,23.48,302.376,156.512,,
2018-01-01,,15.224,12.736,23.817999999999998,,310.744,,,,664.746,,,,,454.56,,
2018-01-02,16.59,5.432,31.744,44.513999999999996,,,,,,,,695.7,,,372.144,,913.43
2018-01-03,,,9.12,2022.272,,,,,,,,,38.88,,,,
2018-01-06,,,,33.74,,,,,,,,,,,,,
2018-01-07,,,,2.808,,,,,7.89,,,3059.982,,,214.8,110.11,
2018-01-08,,,,,,,,,,,,,,,,,892.98
2018-01-09,,,,274.491,,,,,,,,,,,,,
2018-01-12,,,,760.98,,,,9.78,,37.68,,,40.08,,,,
2018-01-13,,,209.94,,212.94,,,,,,,,32.4,,,4164.05,
2018-01-14,169.064,,,8.478,,,,40.08,,,,,191.188,119.904,168.624,,
2018-01-15,110.576,1958.544,21.4,37.06,,,,,,,,,12.7,,,,
2018-01-16,,,,5443.96,,302.67,,,,27.92,,,56.07,,,,399.672
2018-01-19,,542.94,,,,887.271,,2.04,,31.968,6.0,,113.896,429.6,,,
2018-01-20,,,27.72,,,207.846,,,,,11.52,,,520.752,,,
2018-01-21,799.9200000000001,,,286.056,84.98,,,268.576,,,,350.973,,164.99,591.148,,
2018-01-22,,,7.872,,,,2999.95,,15.12,,,,11.96,,1177.47,,
2018-01-23,95.984,,,24.618,,,,,,,,,32.400000000000006,86.352,,,210.98
2018-01-24,,25.86,,276.784,,,,,5.67,,,,,110.352,,,
2018-01-26,,,15.47,7.16,,,,,11.84,62.72,,,,2939.93,18.16,,
2018-01-27,71.976,,14.016,,,,,,,,,,,245.922,,,
2018-01-28,689.88,,,,,,,,,37.74,,,279.9,,,,
2018-01-29,,,13.108,131.744,,,,,,,5.22,,,,,8.57,
2018-01-30,,,71.204,58.34,,539.9200000000001,,,,34.58,,,,2814.9359999999997,129.3,31.68,69.375
2018-02-02,,46.8,,30.96,,,,,21.456,296.84000000000003,,239.984,78.304,59.97,139.04,,
2018-02-03,,,,9.111,,,,,,22.2,,,605.4639999999999,,285.552,,
2018-02-04,,32.67,,,,,,,,,,,,,,,
2018-02-05,,1640.7,7.12,243.992,,,,,,,,,,371.2,,,
2018-02-06,,,,46.24,600.754,,,,,,,,29.9,227.46,,,
2018-02-09,127.984,12.992,,252.784,,,,,,25.104,,,,,354.9,,
2018-02-10,,,,,203.983,,,,,,,,23.12,,,,
2018-02-11,,,,21.336,,963.136,,,,147.568,20.7,,,88.776,,,
2018-02-13,799.96,90.64,17.34,,,,,,,107.53,,,17.94,,,25.02,
2018-02-16,,,28.032,,,600.558,,,18.368,7.692,,,37.94,14.99,629.862,,
2018-02-17,,,175.44,5.715,89.0664,899.43,,,,30.144,,,11.76,649.8820000000001,166.45,,936.9300000000001
2018-02-18,109.53,,,,,,,,,,9.82,,,167.976,,,
2018-02-19,,1245.86,12.84,,,,,,11.22,44.67,,,,,,,
2018-02-20,31.992,13.11,6.56,,,,,10.64,9.432,90.934,,,,549.544,51.168,,386.91
2018-02-21,47.904,,,,,,,,,,,,,,,,
2018-02-23,,,,,,,,,8.4,,,,37.44,71.96,,,
2018-02-24,1319.8,,,4.956,,,,,,,,,123.92,,,,
2018-02-25,,,,1.788,231.92,196.784,,,,,,,,,,,
2018-02-26,,438.71000000000004,,,,892.224,,,,,,,247.04,889.536,,,
2018-02-28,,,,9.84,,,,,,,,,7.78,,,,
2018-03-02,479.94,,59.52,138.954,441.96,,,57.96,,,,,68.04,196.776,,6.976,
2018-03-03,1149.42,72.8,,,,351.332,,,,,,,26.88,,,,399.672
2018-03-04,,,9.32,,,,,15.25,,103.5,2.464,,89.568,,8.72,,
2018-03-05,299.97,262.24,,381.01,,,,42.68,7.9,,25.06,,,,221.16,,
2018-03-06,,,87.368,14.976,,,,,,71.97,16.448,,313.31,206.384,67.78,,
2018-03-07,49.08,,,25.92,,,,,,,91.59,,,,,,
2018-03-08,,647.84,3.36,171.2,,,,,,,20.7,,,,,,
2018-03-09,199.98,,,30.84,,,479.984,,,,,,,,,,
2018-03-10,111.96,48.784,5.248,13.092,,,,,,50.568,,,,89.892,,,933.408
2018-03-11,63.88,,,908.2139999999999,,,,,,26.72,,,,776.85,43.28,,154.764
2018-03-12,,,,40.41,,,,,,,,,,69.93,242.94,,
2018-03-13,214.95,465.16,49.216,205.18,,89.768,959.984,,,,,209.986,690.822,482.988,90.8,1332.496,
2018-03-14,,,,,,,,,,,,,,49.616,,,
2018-03-16,159.984,140.67,,95.33699999999999,,,,,,51.264,,,6.48,1149.792,410.854,,
2018-03-17,128.66,,59.1,40.376,,,,,,,30.668,,10.272,119.7,153.97,,
2018-03-18,27.816,93.548,83.932,182.994,,,,19.4,,82.524,,,,537.544,,,
2018-03-19,299.5,381.36,,61.944,,,,,,30.93,28.91,,,657.504,,,697.16
2018-03-20,503.93,,,,,,,,,2.91,,,392.728,,,,
2018-03-21,,64.384,,50.016000000000005,,1805.88,,8.856,13.02,22.14,,,283.17999999999995,,1085.16,,
2018-03-23,,,,34.76,,,13999.96,,,211.84,,,45.72,,176.208,347.58,
2018-03-24,26.0,,,,,479.61,,47.01,,,,,221.92,469.99,12.768,,
2018-03-25,,176.04,50.17,185.92,,1986.52,479.984,,,,,,6.848,681.544,,,
2018-03-26,197.21,87.168,19.83,,257.568,,2399.96,,3.76,60.84,,,74.352,119.96,32.232,,
2018-03-27,39.992,,,17.76,1023.332,811.804,,,,15.008,8.26,,186.22,206.1,332.94,,292.1
2018-03-28,,,,68.742,,,,,,48.04,,532.72,59.72,,795.48,,
2018-03-29,,,,,,,,,,,,,,,81.4,,
2018-03-30,,,6.08,5.715,,,,325.86,,94.2,,,,164.792,59.76,,
2018-03-31,,33.62,,112.128,205.3328,,2999.95,,,90.78,,,75.04,1434.46,,29.7,
2018-04-01,,20.808,,121.68,482.664,218.352,,28.4,,127.95,12.044,4799.984,42.93,23.976,94.2,,
2018-04-02,360.0,,11.12,,,,,,,25.11,14.94,,,,,,411.8
2018-04-03,,,7.056,,,,,,,25.472,,,,,,,
2018-04-04,,,7.04,,,,,16.98,,,,,,544.0799999999999,,240.37,
2018-04-06,,,,8.1,,,,,,,,,106.32,,,,
2018-04-07,617.976,,16.256,5.328,,,,,,258.072,,,,219.184,,,854.4745
2018-04-08,,41.95,,2690.97,,,,,,637.1399999999999,,,440.31,,2591.56,,
2018-04-09,,,35.97,533.566,,,,,,,33.58,,521.784,,501.81,,
2018-04-10,195.726,195.104,,4.419,,,,,7.16,48.992,,,17.978,,286.15,,
2018-04-11,227.07,,64.604,11.364,,,,,,,,,,,16.768,,
2018-04-12,,,,29.7,,,,,,,,,39.96,,,,
2018-04-13,,,,895.92,,436.704,,,7.92,,,,5.28,,,,
2018-04-14,,,104.448,19.536,440.624,,,,,74.45,,,13.872,,,,
2018-04-15,,,4.89,15.57,,,,,,196.45,,,115.428,,,,
2018-04-16,25.98,40.74,16.52,42.652,102.833,,,,,,,,,,238.464,477.24,
2018-04-17,274.89,,,42.588,,218.352,,,10.9,60.312,30.419999999999998,2549.985,48.876000000000005,,195.136,,
2018-04-20,,,15.76,183.42000000000002,,317.058,,,,153.336,,,,,384.04,,
2018-04-21,59.516,97.264,,5.628,,908.82,,,,162.6,,,20.736,,,,
2018-04-22,,,,,,,,,,272.632,,,,,675.06,,
2018-04-23,200.748,121.94,,104.64,387.136,,,18.688,,180.11599999999999,3.0,,5.344,,,177.60999999999999,
2018-04-24,69.98,99.28,,19.136,,,,,1.81,,,,,552.0,186.352,,
2018-04-25,107.97,,118.864,87.24799999999999,344.981,,,,,,,,19.05,,,,
2018-04-26,,,,,,,,,,1.988,39.28,,20.34,,,,
2018-04-27,,,183.61,,220.2656,,,,,139.58,33.12,,,,,,
2018-04-28,,28.08,6.848,,,,,,,,,,,751.984,8.384,,
2018-04-29,,,,,,,,,,,4.91,,,,,,1048.35
2018-04-30,2.376,,25.308,85.35,,,,93.52,,309.344,22.32,,174.328,677.58,,,
2018-05-01,48.9,,,,314.352,2803.92,,,,,4.608,,,,,3.328,933.262
2018-05-02,159.56,,59.52,,,,,,,129.93,,,50.099999999999994,,,,
2018-05-03,,,22.96,90.58800000000001,,,,,8.0,32.448,,,25.92,,832.96,,373.47
2018-05-04,,,,13.911000000000001,,,,,,,,,59.12,183.96,588.35,,300.904
2018-05-05,,,,44.052,89.991,,,44.4,,,,,6.68,,,,
2018-05-06,408.744,152.94,61.068,79.601,623.4648,,,,,,181.32,,84.416,627.168,772.68,,
2018-05-07,79.99,87.444,,,,1962.0900000000001,,,,,,,,419.944,,,
2018-05-08,,81.08,,,,176.04999999999998,3359.952,,,,,,41.472,,,,
2018-05-09,199.98,,,147.92,,207.0,,65.232,,,,,,,171.24,,286.85
2018-05-11,,,49.168,26.032,209.979,,,,,7.996,37.59,,44.288,,74.416,,
2018-05-12,87.4,7.77,10.272,53.408,,,,,,42.85,12.064,,87.6,,127.92,255.62,285.48
2018-05-13,,20.768,,1214.49,,458.43,,180.96,,,58.48,,14.94,587.97,530.34,,
2018-05-14,1489.9,,101.86000000000001,58.17,,1161.3899999999999,,48.69,,18.28,79.04,,589.79,547.962,22.58,64.4,
2018-05-15,,,,4.752,,263.584,,,,39.96,,,72.256,40.711999999999996,,,
2018-05-16,,,,,,,,,,,,,,,221.024,,
2018-05-18,36.048,724.1,,169.048,302.94,,,,,39.06,,,,550.384,8.928,,
2018-05-19,404.09000000000003,378.5,9.1,159.28,1628.82,995.76,,,,,13.216,,548.474,781.942,,,
2018-05-20,,64.9,179.36,49.568,,518.272,,,7.41,6.98,,343.2,,1123.128,704.76,,
2018-05-21,,,17.97,,,,,,,520.05,,,,,,,
2018-05-22,68.46,,62.18,1.592,,181.986,,,,,,,,,,22.344,
2018-05-23,,18.32,,1.188,,,,,1.824,,,,,,48.816,,171.288
2018-05-25,120.0,,,693.76,,,,,3.29,18.84,,,,,50.136,,
2018-05-26,23.08,208.44,,,,,,,,,,,12.96,,,25.76,
2018-05-27,125.352,,31.44,70.4,,,,,,512.3,,,25.92,842.346,477.15,,
2018-05-28,271.968,125.13,,3.564,115.96,408.82899999999995,,,,274.9,,,29.424,250.328,,,
2018-05-29,,465.16,,43.41,,,,,23.55,71.664,,,33.900000000000006,,53.424,,
2018-05-30,35.36,,35.1,3.89,446.6264,,,,,21.602,,,37.52,156.792,,,
2018-06-01,,17.48,,57.698,,,,,,,,,27.744,158.376,324.744,,
2018-06-02,,,,,,,,43.92,,,,,61.376000000000005,2.97,27.44,,
2018-06-03,1460.642,29.672,,8.466000000000001,241.568,,,,,35.168,,78.66,72.872,503.96,136.26,,384.768
2018-06-04,,,8.64,123.99000000000001,,,,,,62.32,,,12.48,71.984,,,
2018-06-05,,,,,,,,,,,,,20.736,470.376,,,
2018-06-06,,,,,,,,,,4.95,,,,,26.4,,
2018-06-08,89.544,1.624,,95.124,1497.666,,,,,,,,85.056,399.096,35.168,23.76,
2018-06-09,,,,,,,,,,23.976,,,85.472,,720.76,,108.925
2018-06-10,132.52,,39.5,,514.165,,,,14.13,,41.160000000000004,,40.032,368.736,1363.1,,
2018-06-11,,61.44,107.67200000000001,22.86,174.42,280.792,,,,,,385.8,160.91,,387.0,,
2018-06-12,63.92,,64.14,104.328,,858.24,,,,25.944000000000003,,,38.480000000000004,71.976,,,452.94
2018-06-13,,,181.86,,,761.4380000000001,,,,,,,,47.984,164.736,,
2018-06-15,,76.608,23.82,,77.728,698.352,,,,31.168,44.4,,109.3,2647.848,227.32600000000002,,120.96
2018-06-16,479.952,180.66,37.936,5.936,,1514.92,,,,,,,230.14,257.96999999999997,,16.68,
2018-06-17,101.34,,,62.976,,,,,,155.25,,3404.5,12.224,,160.382,,
2018-06-18,,,,,917.9235,,,,,,,,113.232,,,,
2018-06-19,225.448,2.7079999999999997,,6.888,,760.116,,,,38.784,,,243.99599999999998,,153.584,11.184,457.485
2018-06-20,389.91999999999996,,5.248,51.312,,,,,,,9.82,,63.504,503.96,4.464,,
2018-06-21,,,,129.89600000000002,,,,,,17.92,,,447.84,,,,
2018-06-22,,,,44.523,,487.96,,37.608,,,,,,,8.928,,
2018-06-24,,,517.34,182.994,,172.764,,,2.88,276.69,,,32.016,,,,
2018-06-25,,,5.344,,400.784,,,,11.304,,71.04,,,148.48,,,871.4
2018-06-26,431.928,,15.92,102.368,,273.552,,,,526.45,13.872,,73.06,1688.0059999999999,1070.58,28.4,
2018-06-27,1287.45,,,,,191.646,,,,126.3,,,39.510000000000005,,,,
2018-06-29,62.31,384.332,11.68,1220.012,1048.8192,,,,,25.16,,,5.184,,1426.49,30.69,307.314
2018-06-30,,,,75.792,435.999,569.058,,,,55.974000000000004,,,204.95,1001.584,1333.99,,1044.63
2018-07-01,,,,169.99,,,,,,,,,25.92,,443.92,,
2018-07-02,,,,5.232,,,,,,,,,163.96,,,,
2018-07-03,2030.6799999999998,,9.552,,,,,,,801.53,,2992.332,362.312,463.93,87.92,,215.148
2018-07-05,,,,17.71,,,,,,332.028,,,46.656,79.96,,,
2018-07-06,,,,2.946,,361.376,,,,,,,16.056,,,,
2018-07-07,796.6959999999999,,,17.472,87.21,,,,5.94,,,,15.552,683.988,13.392,,
2018-07-08,191.9,,255.73999999999998,109.54400000000001,,,,,,484.1,861.6600000000001,,77.32,,,,
2018-07-09,,58.464,127.88000000000001,1.08,,,,,,526.45,,,274.8,257.98,424.55999999999995,,
2018-07-10,,41.91,,,,,,,,18.84,,,,,298.464,,
2018-07-11,1420.05,168.1,30.32,29.8,,,,,,,8.67,,,71.952,,,
2018-07-12,,,,,,,,,,,,,3.816,,,,
2018-07-13,,,,,,,,,,91.008,,,13.56,39.594,360.38,,
2018-07-14,140.97,,85.04,4.448,,,,,4.96,692.45,,,9.248,2360.322,301.496,,
2018-07-15,41.9,179.94,6.56,26.55,,664.146,,,,,7.83,,21.92,,,,1183.383
2018-07-16,,,2.912,,,71.372,,,,,,,,,,,
2018-07-17,,,,,1194.165,,479.984,57.9,,46.983999999999995,,,132.3,269.98,10.56,,
2018-07-18,,,,7.656,,672.288,599.97,,,,,,16.096,,,9.184,801.6
2018-07-20,389.97,416.32,,839.8100000000001,,346.704,,,,192.712,14.62,,13.36,,69.712,,
2018-07-21,,17.48,151.13,196.278,302.94,225.296,,,,8.8,,,22.82,2180.6440000000002,222.32,231.72,124.404
2018-07-22,,,,,,526.344,,,,,,,,29.97,,,
2018-07-23,559.7,,133.216,42.24,,,,,,,41.4,,121.632,,,,
2018-07-24,,,,,,,2399.96,,,,,,,,,,
2018-07-25,,,,,,,,,,20.096,23.534,,20.736,,259.92,37.752,436.70399999999995
2018-07-26,1649.95,,,,,362.352,,,,,,,,,,,
2018-07-27,234.95,,,,,,,,,129.802,,,39.16,543.92,,,
2018-07-28,,,,9.984,,,,,,,,,,1145.6,14.98,,
2018-07-29,90.57,172.46800000000002,64.488,33.48,115.96,302.67,,,2.896,,,,,608.7620000000001,,,
2018-07-30,,,,76.776,,,,,,,26.25,,,89.95,330.4,,
2018-07-31,41.424,155.88,,878.48,,,,,,36.96,,,66.356,322.36800000000005,56.56,,
2018-08-01,,,,54.896,,,,,,,,1439.982,36.288,367.94399999999996,186.54,,
2018-08-03,39.816,,,,183.372,,,,,123.96,51.75,,,,115.93,,
2018-08-04,,,,3.318,,,,8.784,,,,,7.968,,,,
2018-08-05,79.78,,,125.88,,,,,,,133.2,,13.76,,151.056,,
2018-08-06,,,227.88,,145.74,,,,,15.4,24.64,,115.296,824.95,,70.12,
2018-08-07,319.16,1473.1,116.47999999999999,56.84,,207.184,,,,51.75,,,269.11,867.84,118.16,,
2018-08-10,,,,,,,,70.08,,121.3,,,177.2,1454.49,,,
2018-08-11,,,9.184,490.37399999999997,,,,,,,,,55.584,153.584,,,
2018-08-12,174.95,542.94,237.42000000000002,100.704,,1779.9,299.99,,,54.92,,,212.896,242.624,46.74,,
2018-08-13,1.584,355.838,59.52,1650.6060000000002,,423.648,,14.76,24.32,31.984,17.544,,,,31.44,31.92,
2018-08-14,,,16.68,,,,,,,,5.76,,,,,,418.296
2018-08-15,,97.84,,,,,,,,,50.4,,,,1801.632,,
2018-08-16,,,,13.428,,,,,,,,,,,67.136,,
2018-08-17,98.16,2557.154,8.016,1233.826,,4953.33,,23.36,,16.784,,,8.56,71.976,540.57,5.552,
2018-08-18,2363.2400000000002,,9.912,2939.8579999999997,,,,,,204.38,,,,37.91,1523.184,,
2018-08-19,,,,493.00600000000003,,,,,,,,,19.44,,,,
2018-08-20,,,,239.12,,,,,,,,,25.92,143.84,266.85,17.22,
2018-08-21,33.18,203.52,17.12,4454.784,,1255.104,,15.28,35.0,247.0,51.75,,361.28,431.968,572.58,37.24,568.728
2018-08-22,,,,,,,,,,,,,,,,,524.54
2018-08-23,,161.376,,,,,,,,2.784,,,58.288,4367.896,,,
2018-08-24,,646.272,,28.416,,,,,,,,,10.368,,,,
2018-08-25,,,9.728,,130.98,,,,,,,,195.584,,25.696,,
2018-08-26,71.98,,,,,,,,,64.96,,,,,53.72,,
2018-08-27,1119.888,336.25600000000003,5.952,878.576,,230.28,879.984,2.896,,319.036,,,134.136,347.97,418.74,28.4,1488.424
2018-08-28,,91.6,5.56,99.68,,,,,,,,,52.064,35.168,,21.81,1137.75
2018-08-29,,,9.408,3.24,,,,,,148.02,47.36,,,,27.44,,
2018-08-31,659.9,638.73,,6.672,,569.568,,,8.376,,,,229.544,689.408,354.424,6.208,
2018-09-01,19.99,314.6,7.58,22.92,,498.26,,,,114.9,,,,,,,283.56
2018-09-02,2375.43,18.568,43.99,1623.092,,1498.386,,,16.0,26.612,104.596,,256.052,1599.354,599.2,,491.054
2018-09-03,385.77000000000004,,11.52,125.176,239.666,272.565,,24.448,,108.4,,,428.304,,,,
2018-09-04,111.0,,68.864,631.1379999999999,825.174,97.184,,,14.82,,,,52.608000000000004,48.736000000000004,710.0540000000001,,2800.624
2018-09-05,89.568,,74.74,,,,,,,,,,15.552,,147.184,,
2018-09-07,406.944,81.568,25.98,1585.797,,161.568,,4.896,,309.12,29.24,,145.42,582.2719999999999,515.76,,
2018-09-08,211.128,,,42.616,,213.43,319.984,,45.92,21.184,,,20.736,416.904,126.80000000000001,,765.625
2018-09-09,514.5360000000001,11.176,37.152,18.657,,385.29200000000003,,17.48,,97.27199999999999,27.567999999999998,,262.528,1931.958,1043.61,8.832,
2018-09-10,446.706,58.17,14.88,802.4680000000001,,362.352,,,,,,,128.716,407.064,286.29,,
2018-09-11,,671.7360000000001,,1471.96,,2231.84,,22.18,24.728,66.864,,,338.596,223.91199999999998,,,512.19
2018-09-12,,90.86,,45.78,,,,,,8.36,,,346.55,,,,
2018-09-13,,,15.92,,,,,,,,,,,,,,
2018-09-14,,942.784,100.9,22.194000000000003,,702.7819999999999,,,,127.936,56.7,253.755,113.522,1079.85,70.98,,
2018-09-15,59.98,108.96,159.744,2897.712,782.94,916.0640000000001,,,,612.8599999999999,,,195.832,1129.45,120.57999999999998,,300.904
2018-09-16,119.96000000000001,,5.98,541.6379999999999,,,,17.568,17.9,22.512,,,50.1,55.992,,,
2018-09-17,89.97,,9.912,53.943999999999996,1292.94,1042.35,,,,,14.4,480.0,284.15999999999997,1415.76,295.79,,
2018-09-18,101.34,,131.688,10.08,,,,125.708,,30.14,,,523.25,507.66,47.584,34.48,
2018-09-19,239.534,,99.292,23.022,72.588,,,,,409.216,,,32.4,663.896,108.24,,
2018-09-20,345.41,,,11.784,,5496.174,,,4.36,,,,52.28,1404.51,45.4,,
2018-09-21,151.96,80.48,,34.362,,,,,,,,,55.86,,15.51,,
2018-09-22,1284.094,,17.94,782.0110000000001,241.96,,,13.392,,12.07,27.72,,259.98,478.95000000000005,67.4,4685.696,
2018-09-23,539.894,354.096,,105.66399999999999,180.588,594.816,,14.352,,29.328,,,505.62399999999997,39.984,31.44,,
2018-09-24,745.78,,27.0,54.28,,1124.384,,,,302.856,251.694,506.28,42.504,3332.584,55.8,7.3,
2018-09-25,119.96,,16.168,16.855,,758.616,,24.448,,47.12,20.7,,,,217.45000000000002,190.896,
2018-09-26,,,2.224,948.216,,419.136,,71.88,,9.24,,,35.88,,,,
2018-09-28,54.384,209.792,,79.431,,,,,,42.016000000000005,,,24.72,,147.184,1.744,
2018-09-29,239.976,97.84,99.2,46.672,,136.47,,59.288,35.0,72.998,7.968,336.51,75.55,,295.08799999999997,,344.22
2018-09-30,159.98,3.89,,11.646,,,,,,,20.664,,344.58,,,,
2018-10-01,104.75,241.96,6.672,144.304,,559.76,,,,,,1704.89,216.13,,,,
2018-10-02,,37.208,152.124,257.284,217.764,,,,8.94,226.584,,369.16,69.856,150.774,1575.14,39.072,2314.116
2018-10-03,371.97,17.92,27.27,1793.98,,,,,,83.92,,,15.552,,22.58,,171.288
2018-10-04,,,,,,,,,,19.98,,,,,,,
2018-10-05,63.824,15.8,,135.648,,656.55,,,14.9,72.9,,5199.96,61.96,256.722,,,206.352
2018-10-06,319.96,227.84,,,,,,,,41.96,,,246.14999999999998,,344.91,,
2018-10-07,1115.91,,,54.694,307.666,,,,18.936,,,,,431.048,666.192,,154.764
2018-10-08,275.96000000000004,,,,,145.764,,,,,,,,103.192,83.44,,
2018-10-09,,,67.144,31.055999999999997,314.352,254.058,,,,45.888,,,64.99600000000001,,,,719.095
2018-10-10,,,,,,239.358,,,,,,,,,,,
2018-10-12,1908.694,,5.88,181.712,2154.9,254.604,,,17.9,40.48,,,18.336,369.544,,,673.344
2018-10-13,209.94,904.9,,5180.744,,,,,,10.476,35.91,,119.056,31.984,408.272,,1504.52
2018-10-14,46.36,,,78.512,,,,,,9.46,,,,,,,
2018-10-15,,,99.6,,,,,,,22.72,180.43,,204.95,,,,510.24
2018-10-16,18.528,,,124.75,,,,,,547.3,,599.985,307.776,,,,1875.258
2018-10-17,,,10.64,,,,,,,,,,12.96,52.792,49.96,,
2018-10-19,,,123.256,1674.884,328.3992,,,8.96,,87.12,31.5,,53.152,326.25600000000003,32.7,,115.643
2018-10-20,,,17.808,166.778,,,,,,43.936,28.3,,106.512,15.984,670.176,,284.364
2018-10-21,28.4,185.56,17.856,75.495,,1162.432,,,,45.696,,,9.248000000000001,1769.9080000000001,980.496,,262.11
2018-10-22,,,36.44,3.168,,579.136,11199.968,95.58,,,,,,2485.29,333.09,,426.205
2018-10-23,55.2,2.22,10.272,13.326,,,,,,314.76,,,81.4,1723.72,272.85600000000005,,878.64
2018-10-24,,,,,,,,,11.68,,,,,,,,517.405
2018-10-26,19.99,,,114.72,,,,251.58,,,20.92,,,180.192,55.616,,356.85
2018-10-27,,,13.632,5.607,556.665,,,15.84,,,,,110.01599999999999,194.98399999999998,,,189.576
2018-10-28,50.176,,,,,,,47.98,,77.952,21.93,,63.504,,147.184,,
2018-10-29,,,,,,,,,,,,,46.96,,,,
2018-10-30,442.4,1702.12,19.9,102.65599999999999,199.98,817.7719999999999,,,,33.0,73.86,,28.156,148.48,171.34,35.06,251.006
2018-10-31,,,5.248,,,,,9.912,,,,,,508.768,,,
2018-11-01,,,,25.12,,,,,,,,,230.69,,,,2665.62
2018-11-02,2249.91,272.13599999999997,96.476,590.352,,1131.292,,90.756,23.82,28.332,,,55.050000000000004,859.2,512.47,384.592,
2018-11-03,284.026,,55.984,34.127,,307.136,959.984,,,57.361999999999995,27.33,,237.66000000000003,361.376,52.4,,2159.552
2018-11-04,166.696,167.44,4.3,16.652,,,,,,,28.608,7999.98,9.664,1503.888,247.104,,523.764
2018-11-05,550.74,,,194.53,,128.124,,,,101.4,,,377.03,592.7479999999999,243.992,,166.5
2018-11-06,125.91,499.584,19.58,20.202,,576.9399999999999,,15.28,,67.562,41.4,,561.876,,323.55600000000004,,2036.86
2018-11-07,507.65000000000003,100.94,,59.952,,272.97,,,,,,,,1121.5140000000001,,,350.352
2018-11-08,,,109.9,,,,,,,274.2,,,,,,,
2018-11-09,1118.586,,,9.64,,739.368,,,,143.65,,,,499.168,2241.08,,
2018-11-10,351.742,400.8,7.8,1036.228,,1140.56,,,,341.96,,95.994,,632.4639999999999,,,
2018-11-11,,1169.01,181.86,158.176,,,,,45.92,123.84,10.44,,29.808,35.184,35.48,25.5,
2018-11-12,167.28,76.12,9.21,60.496,,113.888,,12.224,18.24,136.416,9.96,,321.92,1118.678,839.024,27.93,
2018-11-13,547.694,9.324,2.064,574.244,205.9992,2404.704,,,,154.95,8.64,652.995,8.904,695.5500000000001,1368.3519999999999,,
2018-11-14,167.952,,79.28,34.278,,321.568,,15.28,,,,,,119.94,96.36,,
2018-11-15,,,,,,,,,,559.2,,,,,,,
2018-11-16,139.96,,109.712,1.824,,,899.982,,,289.59,,1972.4160000000002,220.5,227.82,893.43,,
2018-11-17,671.12,35.04,50.94,61.861999999999995,327.7328,,10499.97,,,187.76,,,326.728,,1247.64,,
2018-11-18,132.52,389.056,38.864,28.68,,127.386,,55.584,2.96,25.580000000000002,7.38,,106.592,74.95,477.26,2.944,
2018-11-19,,2504.74,166.912,1706.749,,729.428,,16.74,25.06,856.572,,,30.256,31.968,305.01,6.672,1017.1650000000001
2018-11-20,2.97,,143.666,84.056,183.968,493.48800000000006,,,,203.40599999999998,,,46.76,1829.96,,,
2018-11-21,,8.62,17.32,191.536,,,,,9.02,27.42,,1039.992,60.288000000000004,715.152,95.856,,70.98
2018-11-22,,,35.712,,,,,,,,,,,,,,
2018-11-23,74.112,,3.304,301.5,,,,,,58.912,11.52,,125.28,446.336,,4.36,127.785
2018-11-24,,13.762,44.14,382.125,321.568,977.292,,232.808,10.824,,,,256.164,169.088,1893.122,,435.168
2018-11-25,,67.84,23.848,,1083.4189999999999,1555.8899999999999,,,,,,,82.94999999999999,339.91999999999996,512.29,,
2018-11-26,38.04,324.138,12.84,126.91199999999999,,828.6,,,,289.06,,,,3170.642,,,257.94
2018-11-27,309.89,43.584,15.75,722.852,,,,,,65.78,,,402.83000000000004,57.568,,,
2018-11-28,,,1.64,,,,,79.96,,2593.82,62.65,,129.664,1979.89,,,2065.32
2018-11-29,,,,,,390.368,,,,101.52,,,,,,,
2018-11-30,479.952,663.936,155.94,68.472,,2322.2160000000003,,,2.368,25.83,,,,618.036,526.85,,1781.682
2018-12-01,20.37,31.152,,74.272,141.96,1613.1799999999998,,104.68,52.29,787.152,15.936,,117.02799999999999,1397.066,976.0920000000001,,
2018-12-02,,660.95,337.254,859.8000000000001,242.352,2767.696,,,,517.456,,,129.34,3758.066,673.908,4.36,
2018-12-03,227.07999999999998,45.216,13.344,127.326,,,,,,69.88,3.15,,211.576,136.99,,47.32,521.96
2018-12-04,798.718,,22.192,5.346,,913.672,,,,79.11,,649.0,110.03200000000001,,61.568,,
2018-12-05,304.42,316.34000000000003,,305.76,,,,,,321.48,20.52,,153.44,31.176,,,
2018-12-06,,,,,,,,,,,,,,,10.68,,
2018-12-07,179.98399999999998,320.64,,1889.99,,,,,3.552,82.38,,,65.592,374.376,,,
2018-12-08,358.06,1159.23,13.248,112.904,1796.749,329.112,1199.976,,,238.38,89.41,,287.81,83.988,970.15,,1004.024
2018-12-09,251.32999999999998,403.9,48.48400000000001,211.18099999999998,148.257,872.94,1399.98,57.576,,9.708,5.76,,640.5899999999999,444.768,79.588,,896.328
2018-12-10,663.25,426.79,18.24,169.11700000000002,,,,10.86,,432.664,,,23.328000000000003,134.81,324.9,,1669.6
2018-12-11,156.292,1.392,13.584,43.712,,648.9340000000001,,7.28,6.54,77.72,,,28.308,319.398,,,721.875
2018-12-13,,,,,287.976,,,,,201.04,8.64,,51.84,,31.44,,
2018-12-14,471.79,,95.232,64.96,,,1199.98,43.7,17.28,350.962,,,,52.68,73.85,25.71,1501.5700000000002
2018-12-15,,54.32,10.192,,,,,,,22.77,,,22.83,196.776,,,
2018-12-16,339.9,,29.95,74.47999999999999,,178.752,,,,18.96,44.4,,13.36,,158.9,,
2018-12-17,,66.284,,51.864,,504.9,,,,124.36,,,41.39,,1224.98,13.98,
2018-12-18,149.32,1834.672,85.786,53.907999999999994,119.833,1141.938,,,4.824,118.91,,,136.72,,,,
2018-12-19,,,,36.672,102.018,,,,,13.36,,,,,78.256,1665.62,
2018-12-20,,,,57.336,,,,,,,,,320.4,,,,
2018-12-21,71.0,,12.51,23.88,,,,,,15.92,,,166.44,281.97,1499.72,69.5,
2018-12-22,806.754,898.67,27.298000000000002,7.971,220.98,1728.65,,7.824,,,18.45,,101.8,696.9979999999999,94.64,695.16,2136.826
2018-12-23,,29.312,25.744,13.84,,,,182.94,,282.114,,,249.50400000000002,494.97,648.352,,
2018-12-24,,35.91,,156.348,,1347.02,2879.952,,,46.474000000000004,,479.97,19.44,,1267.94,,
2018-12-25,190.728,,31.744,254.161,191.984,304.45,,,42.931999999999995,62.96,,120.0,725.1800000000001,90.48,366.56,44.688,273.06
2018-12-26,,,,3.132,,,,,,,,,60.782,,750.68,,
2018-12-27,,,13.248,,,,,,,,,,,164.388,,,
2018-12-28,,,29.648,62.032,78.8528,454.076,,,13.96,18.328,72.45,,4.28,14.85,908.874,,
2018-12-29,,,34.58,12.53,,2161.138,,,25.630000000000003,169.57999999999998,,,209.7,302.376,,,
2018-12-30,,209.3,,87.4,323.136,,,,3.024,,,,,90.93,,,
